TM,HM,CT,PT,SM
27.754298,92.86056895,grapes,0,79
27.31155708,94.3138837,grapes,0,72.48
28.84270971,95.64807631,grapes,2.48,78.72
26.61423461,91.53720922,grapes,0,67.54
29.70143197,99.64573002,grapes,0,72.89
25.54759871,94.79998418,grapes,6.48,63.48
26.37978453,91.48889469,grapes,0,74.24
27.45907759,98.09861043,grapes,0,67.64
27.02269204,96.38580769,grapes,25.43,63.69
28.98545306,94.33465411,grapes,0,72.31
26.1055118,99.98187601,grapes,0.81,65.57
25.0707247,97.48410555,grapes,0.41,74.69
25.54963273,99.7240104,grapes,1.7,67.96
28.56973521,99.84671638,grapes,0.82,66.87
26.07010807,90.27214288,grapes,0.88,75.51
25.51791333,98.29937782,grapes,0,71.96
25.9490364,95.8840407,grapes,0.7,70.76
28.2974764,93.00109012,grapes,8.22,64.82
29.56549169,93.45042636,grapes,0,71.84
29.69952329,93.84150618,grapes,5.81,63.27
26.14162144,98.80313612,grapes,0,65.85
26.00175125,76.24900101,grapes,16.99,60.42
27.15116142,83.67675197,grapes,0,77.96
28.97318719,82.96221306,grapes,0,66.89
26.13958446,80.11585705,grapes,8.1,69.06
25.51618488,79.39654531,grapes,0,65.75
27.55821802,84.42379269,grapes,0,67.86
27.81132822,80.18546798,grapes,0,71.82
25.60033702,78.06762846,grapes,0,71.36
26.91641934,83.390039,grapes,0,70.62
29.1797902,76.16151562,grapes,0.49,79.36
26.44600063,82.68752542,grapes,0,79.47
28.43572863,76.50045221,grapes,13.9,76.9
28.94099669,75.26429821,grapes,11.14,69.52
26.45488737,78.8086068,grapes,0,67.79
25.79490531,78.04602887,grapes,1.57,71.42
26.93141945,83.34688193,grapes,0.42,69.37
29.36792366,78.3422098,grapes,0,64.89
27.33368994,79.68542782,grapes,3.69,72.34
27.40053601,75.94067692,grapes,2.31,77.21
29.3159075,82.54195839,grapes,0,76.2
26.05433004,76.8532006,grapes,12.58,79.2
25.86632408,78.89864446,grapes,3.91,78.73
27.00932084,84.88394407,grapes,19.45,65.07
29.55054817,80.79783998,grapes,60.19,78.87
26.28845991,82.34429458,grapes,0,76.57
29.16226551,79.19588629,grapes,0,79.94
28.65003945,77.32017166,grapes,0,62.01
29.07311132,77.38229006,grapes,0,73.89
28.08166093,81.36028902,grapes,0,67.26
26.18552389,77.79586769,grapes,0,62.44
27.59376845,92.48519606,grapes,28.71,69.6
25.76011662,94.65830608,grapes,0,76.89
28.87862994,95.11320315,grapes,5.34,72.74
26.50908611,94.48414544,grapes,0,75.87
26.87037587,91.72546257,grapes,2.38,77.65
27.57283516,94.90485697,grapes,0,66.47
28.05912437,98.3670985,grapes,0,77.01
29.51611558,92.56492864,grapes,0,76.48
28.96318258,95.16333673,grapes,0,63.01
25.09897688,92.36099489,grapes,0,75.68
27.1872282,92.19906776,grapes,6.62,73.68
29.03065024,90.79093862,grapes,0,66.65
27.754298,95.94643831,grapes,0,65.79
27.31155708,99.96906006,grapes,0,72.31
28.84270971,99.64328526,grapes,0,71.48
26.61423461,96.97300803,grapes,0,65.72
29.70143197,95.65754365,grapes,0,65.02
25.54759871,91.64194826,grapes,0.81,78.15
26.37978453,91.49882979,grapes,0,74.96
27.45907759,92.90736493,grapes,0,67.13
27.02269204,95.71935435,grapes,0,65.17
28.98545306,90.73966792,grapes,1.9,77.79
26.1055118,91.52421214,grapes,9.74,61.14
25.0707247,95.02156793,grapes,0,71.23
25.54963273,96.92786777,grapes,0,79.64
28.56973521,95.67906668,grapes,6.31,68.73
26.07010807,96.7036223,grapes,0.65,69.57
25.51791333,94.38420565,grapes,0,61.28
25.9490364,94.73860514,grapes,0,78.73
28.2974764,95.41122824,grapes,0,74.38
29.56549169,91.40896307,grapes,0,69.31
29.69952329,95.21224392,grapes,0,79.29
26.14162144,93.28415295,grapes,0,74.47
26.00175125,94.79998418,grapes,1.75,73.4
27.15116142,91.48889469,grapes,0,64.22
28.97318719,98.09861043,grapes,0,76.88
26.13958446,96.38580769,grapes,0,78.26
25.51618488,94.33465411,grapes,0,74.14
27.55821802,99.98187601,grapes,0.08,64.08
27.81132822,97.48410555,grapes,3.18,64.29
25.60033702,99.7240104,grapes,12.16,64.39
26.91641934,99.84671638,grapes,0,68.99
29.1797902,90.27214288,grapes,16.24,74.46
26.44600063,98.29937782,grapes,0,79.36
28.43572863,95.8840407,grapes,13.04,63.22
28.94099669,93.00109012,grapes,0.49,72.63
26.45488737,93.45042636,grapes,0,61.19
25.79490531,93.84150618,grapes,0,67.41
26.93141945,98.80313612,grapes,0,76.92
29.36792366,76.24900101,grapes,19.25,73.11
27.33368994,83.67675197,grapes,0,71.32
27.40053601,82.96221306,grapes,0,60.36
29.3159075,80.11585705,grapes,3.7,71.98
26.05433004,79.39654531,grapes,0,73.5
25.86632408,84.42379269,grapes,0.08,79.35
27.00932084,80.18546798,grapes,0,64.41
29.55054817,78.06762846,grapes,6.93,61
26.28845991,83.390039,grapes,0,65.35
29.16226551,76.16151562,grapes,2.02,78.97
28.65003945,82.68752542,grapes,0,77.46
29.07311132,76.50045221,grapes,0,64.98
28.08166093,75.26429821,grapes,0,65.49
27.1994597,78.8086068,grapes,31.98,62.38
28.05484146,78.04602887,grapes,0,60
25.14748006,83.34688193,grapes,0,73.23
25.94019018,78.3422098,grapes,0,74.5
27.66752761,79.68542782,grapes,0.92,78.92
25.56703012,75.94067692,grapes,27.1,75.05
28.6956201,82.54195839,grapes,0.81,72.6
26.33544853,76.8532006,grapes,4.06,64.66
25.93730186,78.89864446,grapes,0,78.16
25.13686519,84.88394407,grapes,0.08,69.85
27.50527651,80.79783998,grapes,0,69.92
26.21009246,82.34429458,grapes,26.47,72.35
29.10403455,79.19588629,grapes,8.21,72.76
29.2440638,77.32017166,grapes,0,64.69
25.56202173,77.38229006,grapes,8.7,79.44
26.3985515,81.36028902,grapes,0,61.12
28.09577643,77.79586769,grapes,0,75.01
27.84767901,83.31110751,grapes,0,77.79
27.39341554,81.4654833,grapes,0,62.98
25.14517635,81.38204104,grapes,0,73.49
28.65456263,79.28693687,grapes,0,67.77
29.16093424,76.67484233,grapes,2.6,72.45
27.57278064,82.0638878,grapes,0,60.12
25.40909896,82.36208097,grapes,0,72.18
25.99069521,83.33983116,grapes,0,77.32
26.29039046,81.06003778,grapes,12.31,61.03
29.14827211,78.71024836,grapes,0,70.8
26.59743595,79.35898915,grapes,0,76.63
25.36059237,75.03193255,grapes,0,61.79
29.12036889,80.18080728,grapes,12.41,77.36
27.53911354,77.25629897,grapes,0,79.97
29.66727337,83.51014178,grapes,0,78.44
25.05802193,84.97323747,grapes,2.45,60.25
25.86824781,78.52399914,grapes,1.62,76.31
25.85036988,81.95580471,grapes,11.94,71.53
26.51682337,77.79913575,grapes,0,67.66
28.66725136,79.59242542,grapes,0,65.79
28.14938935,81.54448882,grapes,18.48,69.03
26.42313317,83.6995044,grapes,0.73,66.65
26.59386409,81.40740301,grapes,0,62.48
27.71822477,76.57853189,grapes,0.25,63.87
28.98333432,82.95958244,grapes,18.73,65.32
29.42017919,83.96754496,grapes,0,63.06
27.39872329,81.10523402,grapes,0,79.58
26.4020227,84.41007614,grapes,156.86,67.18
27.81251452,82.69285419,grapes,64.61,72.74
25.19640218,83.55829874,grapes,0,66.49
28.31193338,75.77363772,grapes,0,63.01
25.90113128,80.47152737,grapes,0.17,61.89
27.48612983,76.11239849,grapes,0,60.24
29.38254012,83.50423735,grapes,4.09,78.54
29.22118628,81.08183635,grapes,0,60.45
27.09062164,81.33506906,grapes,0,65.05
26.12643374,81.81365007,grapes,0.53,78.43
29.01207743,77.95192527,grapes,41.37,79.24
27.96799119,79.28625709,grapes,5.68,61.84
28.0764455,76.05522115,grapes,0.05,76.14
25.16278237,84.97849241,grapes,0,78.79
25.78749808,84.51194224,grapes,0,72.54
25.34119774,84.47321314,grapes,0.71,62.6
29.44795403,78.34971537,grapes,1.73,68.46
26.47522633,78.51833782,grapes,0,67.11
27.39489579,83.31172003,grapes,18.87,68.56
25.08347445,80.261731,grapes,0.16,74.31
26.6719835,76.48541655,grapes,0,73.64
25.44926208,79.49221962,grapes,0.81,69.04
28.22776705,80.6430384,grapes,4.45,61.94
28.1279509,77.48247073,grapes,3.59,73.46
28.9470467,82.1888998,grapes,0.06,62.22
27.96236771,84.15403614,grapes,0,61.73
28.00316034,78.90085998,grapes,0,76.69
29.1400919,80.1190228,grapes,0,79.65
27.9122104,83.36307683,grapes,0.77,72.57
25.43480512,81.53977797,grapes,0,66.25
28.55980972,84.51602322,grapes,10.87,61.57
26.59580783,82.99556744,grapes,0,70.17
27.19711623,77.3970629,grapes,0.08,66.96
25.29391516,79.29122198,grapes,4.06,74.17
29.90888522,76.98740841,grapes,0,77
27.94972463,76.63713353,grapes,0,71.84
25.01018457,78.76260938,grapes,0,76.44
29.21144871,84.70189923,grapes,0,78.07
27.35911627,84.54625006,grapes,0.16,79.84
28.0106804,76.52808057,grapes,0,69.59
28.67208915,82.20793613,grapes,0,69.27
27.34585147,78.4873835,grapes,0,77.74
29.50704598,78.20585613,grapes,0,62.97
29.99677232,81.54156612,grapes,0,74.92
30.7280404,82.42614055,grapes,49.95,68.34
32.44577836,83.88504863,grapes,0,64.24
37.46566825,80.65968681,grapes,0,79.02
22.03296178,83.74372787,grapes,0,68.7
39.64851881,82.21079946,grapes,0,64.39
16.77557314,82.75241875,grapes,0,76.62
12.14190714,83.56812483,grapes,29.38,69.12
12.7567962,81.62497448,grapes,0,64.1
39.04071989,80.18393287,grapes,0,76.99
39.70772192,82.68593454,grapes,8.48,66.45
9.467960445,82.29335466,grapes,0,61.52
29.58748357,80.91934392,grapes,0,63.5
17.82803682,80.96093443,grapes,0,68.05
8.825674745,82.89753705,grapes,0.09,71.19
27.83487131,83.51444973,grapes,0,74.79
11.02105378,80.55557235,grapes,22.09,75.68
17.5862944,80.84806564,grapes,0,67.85
19.89363946,82.73366439,grapes,0,70.91
29.93707596,81.77713468,grapes,0,75.06
36.73126647,80.58931938,grapes,0,64.39
20.42094753,81.54185044,grapes,0,69.32
25.51939719,83.98351748,grapes,9.07,73.85
30.50734778,82.71775569,grapes,0.42,73.91
18.4269936,80.55625868,grapes,0,78.15
12.087022,83.59398734,grapes,57.56,65.89
23.60115364,82.48336987,grapes,0.5,79.45
12.80000387,81.20876367,grapes,0,64.87
38.06099482,82.24729637,grapes,0,72.05
39.06555518,82.03812973,grapes,9.74,68.33
33.78372897,81.16314317,grapes,9.36,70.06
16.76201707,82.00335557,grapes,0,72.02
35.89307536,82.66850729,grapes,5.74,75.41
21.01245395,81.17931863,grapes,0,78.4
10.89875873,80.01639435,grapes,1.62,70.64
16.36251869,83.00471609,grapes,0,60.38
20.28370163,81.32235739,grapes,0,73.49
25.11108456,83.25447587,grapes,0.81,74.17
33.4641162,83.86742974,grapes,0,64.88
11.7976469,80.86325389,grapes,0,64.97
11.36300891,80.03100049,grapes,5.39,65.32
25.23542319,80.68700527,grapes,0,61.15
15.99050693,81.23966573,grapes,0,62.18
22.4359017,80.18612085,grapes,0,74.15
34.76086052,81.03544763,grapes,2.03,70.37
31.11047251,83.34010951,grapes,0,78.02
28.57828803,80.95628959,grapes,0,64.15
41.18664903,81.01783402,grapes,10.81,73.61
27.02766138,83.17093908,grapes,0,71.52
21.19339319,82.33098331,grapes,3.61,65.69
10.38004759,83.44518113,grapes,0,75.89
31.3115978,82.56407013,grapes,0,65.28
20.46657776,80.97598029,grapes,0,64.36
29.36947679,81.53996362,grapes,0,73.04
10.72302459,80.02130636,grapes,20.71,68.29
14.97846952,80.49979873,grapes,0.38,77.08
15.3246651,81.67215994,grapes,0.9,66.82
18.73932187,81.12109244,grapes,0,69.37
19.3642553,83.36094029,grapes,0,63.59
41.20733624,81.61051026,grapes,0,61.43
33.34214482,82.51034633,grapes,0,60.2
23.81995682,80.12211649,grapes,0,75.21
40.66012294,81.24995984,grapes,17.4,71.26
11.82768186,80.2827185,grapes,0,66.44
13.28504331,83.54193816,grapes,25.11,78.35
35.83089092,83.32560104,grapes,23.11,73.24
26.18159716,81.03886263,grapes,0.08,68.42
24.57558351,80.70695797,grapes,0,63.36
29.67229086,83.71498986,grapes,16.51,61.44
39.37102553,81.25353895,grapes,0,65.54
17.66558428,82.92903419,grapes,0,62.44
24.06679352,82.66396666,grapes,0,75.92
15.31413469,80.09711412,grapes,12.32,71.14
21.77466746,80.54942557,grapes,0.01,79.2
26.91624843,80.76838926,grapes,33.91,72.08
41.65602996,82.22118237,grapes,1.63,68.58
17.98667801,81.17712085,grapes,0,64.91
29.12033769,82.79092939,grapes,0.94,60.15
34.38922481,83.18392806,grapes,10.62,71.43
41.36106301,82.79782954,grapes,0,60.72
35.12158265,82.26890793,grapes,13.1,64.16
19.6491772,80.15215777,grapes,0,68.54
16.27852801,82.94270065,grapes,0,68.13
21.11903604,80.63399198,grapes,62.44,74.29
19.2077707,82.9042841,grapes,0,74.93
25.96308415,82.57813624,grapes,0,77.66
25.67385024,81.6212135,grapes,0,76.56
41.94865736,81.15595212,grapes,25.12,78.96
11.18994268,80.8084305,grapes,0,79.47
17.5438296,82.94703302,grapes,8.2,66.62
13.05809741,80.28297993,grapes,0,71.65
9.724457611,83.74765639,grapes,0,68.4
27.92004934,82.93262435,grapes,0,62.65
9.535585543,80.73112694,grapes,4.45,77.01
13.42988625,80.06633966,grapes,0,65.89
9.851242629,80.22631717,grapes,0,79.45
24.97256132,82.72828653,grapes,0,64.87
27.23708304,82.94573346,grapes,0,72.05
18.70679077,83.4795292,grapes,0.09,68.33
9.949929082,82.55138983,grapes,13.79,70.06
29.48439992,63.19915325,Ground Nut,0.64,49.58
26.73433965,68.13999721,Ground Nut,0,44.23
26.27274407,62.28814857,Ground Nut,0.24,46.79
34.03679184,67.21113844,Ground Nut,18.05,45.37
28.03644051,65.06601664,Ground Nut,0,48.26
28.81460716,65.33538112,Ground Nut,0,42.22
34.03619494,64.28791388,Ground Nut,0,46.27
33.8642935,61.57072498,Ground Nut,0,45.66
32.84213012,68.68401492,Ground Nut,0,42.74
27.10053268,63.36085585,Ground Nut,0,46.15
25.65842532,61.18235808,Ground Nut,0.2,45.85
32.34744009,66.61452812,Ground Nut,0,41.13
29.58949031,68.32176769,Ground Nut,0,44.81
30.91219459,68.79427388,Ground Nut,6.13,49.73
28.12787838,64.2097765,Ground Nut,0,48.42
30.08545364,69.34811988,Ground Nut,2.52,47.91
31.74379487,62.51007687,Ground Nut,13.78,40.56
27.81326852,62.50460464,Ground Nut,0,49.07
32.88733849,64.59457409,Ground Nut,0,48.82
29.36358721,64.98742947,Ground Nut,0,44.05
27.82592799,67.5861883,Ground Nut,0,47.53
28.49538735,60.44848407,Ground Nut,0,42.53
27.74274761,68.53997144,Ground Nut,0,41.84
30.41588462,67.66323804,Ground Nut,0,46.58
27.3254209,69.09047809,Ground Nut,0,47.99
30.28496619,61.69295127,Ground Nut,0,44.24
28.56840626,61.53278622,Ground Nut,0,48.3
25.36586097,66.6379724,Ground Nut,0,43.35
34.9466155,65.26774011,Ground Nut,2.1,42.11
25.09737391,67.72837887,Ground Nut,0,47.14
32.47648301,64.34848735,Ground Nut,16.94,46.32
33.86351172,68.59232289,Ground Nut,2.48,45.06
25.19857725,60.37332688,Ground Nut,13.73,47.24
31.77681682,69.01852894,Ground Nut,0,44.66
34.89814946,63.59948557,Ground Nut,0,42.28
31.74105409,68.63525428,Ground Nut,0,41.24
27.16159076,66.76017239,Ground Nut,0,46.81
26.23773129,67.88521396,Ground Nut,0.87,43.37
30.20157245,60.06534859,Ground Nut,0.13,44.74
31.55846339,67.83563765,Ground Nut,0,45.59
29.67892453,69.0854554,Ground Nut,0,46.05
27.05365239,67.7017527,Ground Nut,0,40.65
34.63880966,61.38597868,Ground Nut,0,42.14
33.39438752,62.93692886,Ground Nut,0,48.67
28.84079155,63.37230676,Ground Nut,0.19,44.63
31.49338309,63.0563645,Ground Nut,0,48.41
25.54960633,63.95425534,Ground Nut,2.59,41.72
34.37329112,69.69366426,Ground Nut,2.31,47.63
34.6008247,63.11296779,Ground Nut,0,48.44
29.43463808,64.94329356,Ground Nut,4.49,44.32
29.10713092,67.90577375,Ground Nut,63.28,44.99
28.57006111,65.71765781,Ground Nut,0.33,47.85
27.54384835,69.3478631,Ground Nut,34.59,47.96
33.04687968,68.93875631,Ground Nut,0,46.4
33.95309131,69.96100028,Ground Nut,0,45.75
30.11873003,60.11680815,Ground Nut,0,40.63
29.57812712,66.17587668,Ground Nut,0,48.23
27.26458947,68.01232937,Ground Nut,3.14,43.12
31.35730791,64.24992106,Ground Nut,16.64,40.59
31.52104732,66.55723677,Ground Nut,1.62,40.38
29.39982732,64.25510719,Ground Nut,12.28,49.54
29.38400259,64.14928485,Ground Nut,0.39,40.98
28.38686534,61.88871127,Ground Nut,0,40.68
28.47442276,63.53604453,Ground Nut,0,45.09
30.64095781,61.14508627,Ground Nut,0,40.52
25.25596239,61.36669662,Ground Nut,0,40.49
32.97030511,60.18122078,Ground Nut,2.55,40.93
33.66855394,66.60416867,Ground Nut,0,40.95
32.83963757,67.99803573,Ground Nut,1.89,43.58
27.45853567,62.90020977,Ground Nut,0,49.76
25.68576704,69.84354028,Ground Nut,0,46.25
30.0328403,64.14800537,Ground Nut,0,48.8
28.20667264,68.27085245,Ground Nut,0.09,45.41
28.27265858,61.18956161,Ground Nut,0,43.83
28.5417236,64.2020154,Ground Nut,0,40.8
26.87187036,61.61367264,Ground Nut,0,43.63
32.79766751,68.77994074,Ground Nut,6.48,46.45
26.42333018,64.51136845,Ground Nut,0,41.57
29.79181107,63.38789228,Ground Nut,0,46.41
27.44003279,67.10464369,Ground Nut,0,46.45
34.1262979,65.14877461,Ground Nut,0.81,41.14
30.94908189,64.23364112,Ground Nut,0,49.97
28.75751783,61.02701476,Ground Nut,27.61,44.97
27.24766491,66.10123083,Ground Nut,0,46.91
28.63005477,66.770943,Ground Nut,2.9,41.7
26.41768321,63.64698302,Ground Nut,71.09,41.99
32.81705216,66.15665137,Ground Nut,0.01,44.03
29.6321052,65.91359954,Ground Nut,0.08,49.29
33.49077065,62.73317204,Ground Nut,0,49.18
31.86847286,66.74217464,Ground Nut,3.3,43.02
30.32992227,65.62971858,Ground Nut,1.07,43.73
28.546224,66.31394098,Ground Nut,0,43.42
30.02629908,67.88811637,Ground Nut,0,44.33
31.65531175,60.13263713,Ground Nut,0.72,41.35
30.33499674,63.54718862,Ground Nut,0,41.49
33.36984395,65.67718163,Ground Nut,0,46.75
31.4345059,62.99303471,Ground Nut,0,46.44
27.71678273,63.29103387,Ground Nut,0,44.41
32.63918668,61.3009051,Ground Nut,0,46.37
32.7477393,67.77954584,Ground Nut,0,41.86
32.82652632,60.63131854,Ground Nut,0,46.5
33.84404645,61.36211063,Ground Nut,0,48.42
33.78853283,58.35623919,Ground Nut,0,48.93
31.35582182,68.07569875,Ground Nut,0,48.17
30.76670006,71.98183926,Ground Nut,0,41.83
32.7819781,69.6416044,Ground Nut,0,47.34
32.77342726,56.61938123,Ground Nut,1.72,43.14
33.58425158,58.54962939,Ground Nut,0,45.68
31.76211489,60.88875317,Ground Nut,0,42.29
32.90132056,70.37435728,Ground Nut,0,48.27
30.74613799,66.50001224,Ground Nut,3.59,40.86
31.11185433,62.36169509,Ground Nut,2.43,41.04
31.21979884,60.01897983,Ground Nut,0,45.77
30.30882059,63.20775389,Ground Nut,0,48.11
33.51211423,74.82712323,Ground Nut,0.01,48.31
33.90671375,57.28408621,Ground Nut,0,48.86
32.22298619,58.42121662,Ground Nut,0,43.18
30.74909489,59.86826705,Ground Nut,0,47.16
30.92903852,61.27769267,Ground Nut,17.14,42.77
33.54358553,59.58964018,Ground Nut,10.07,40.91
33.30734071,60.11740397,Ground Nut,0,41.19
31.39311394,69.41943401,Ground Nut,0,49.13
31.78145242,65.3594752,Ground Nut,25.68,46.19
33.04183025,66.08061191,Ground Nut,0,40.85
32.47161304,57.73447206,Ground Nut,0.08,47.28
30.01930633,62.94512656,Ground Nut,0,49.7
33.85479475,58.03060486,Ground Nut,6.94,42.47
30.44017124,59.92268124,Ground Nut,0,47.07
33.79307329,62.71487306,Ground Nut,0,49.72
30.04867399,59.36080725,Ground Nut,1.62,45.12
31.10665887,69.03184745,Ground Nut,0,44.92
32.72230974,57.57884942,Ground Nut,22.16,47.04
31.93586366,70.43716037,Ground Nut,7.38,42.93
31.13028413,68.98503317,Ground Nut,0.26,43.24
33.59486982,64.75347681,Ground Nut,0.02,44.49
32.85002372,69.71444063,Ground Nut,0,40.79
32.15037675,62.52523042,Ground Nut,0,49.59
30.05462421,56.7800628,Ground Nut,0,40.1
33.88419129,74.28312331,Ground Nut,0.52,45.83
30.47542476,68.48811001,Ground Nut,29.29,49.12
31.89319111,71.45040975,Ground Nut,0,40.28
33.58976713,57.33389829,Ground Nut,0,42.03
30.49359779,58.54588061,Ground Nut,0,45.26
33.90789552,74.8047572,Ground Nut,13.53,48.51
32.98326078,72.18001928,Ground Nut,0,48.48
32.95235196,69.76898641,Ground Nut,0,45.15
32.13955691,62.94517353,Ground Nut,0,47.83
31.13951861,59.66439705,Ground Nut,0,41.15
31.36384449,60.85844087,Ground Nut,11.09,44.6
33.27039046,74.71608492,Ground Nut,0,42.58
31.48464585,63.19157008,Ground Nut,0,49.87
30.32868693,70.45250918,Ground Nut,0.49,49.28
30.14072116,61.10498034,Ground Nut,5.33,49.1
30.35409044,67.90612419,Ground Nut,0.36,44.83
30.09238359,64.95531579,Ground Nut,0,40.59
32.50671544,65.61189723,Ground Nut,2.08,41.09
30.37577758,74.97475129,Ground Nut,13.21,43.22
32.644546,61.92607293,Ground Nut,0,47.16
33.49032589,66.70951694,Ground Nut,5.24,41.76
33.3074977,68.92926423,Ground Nut,0,47.53
30.80653933,67.44917308,Ground Nut,0,45.08
33.20857014,68.88904755,Ground Nut,0,44.45
32.38564029,65.23119959,Ground Nut,0.05,49.45
33.01812495,72.24160506,Ground Nut,0,41.62
30.22263729,62.42587205,Ground Nut,11.37,45.05
33.35838838,60.93547145,Ground Nut,0.1,44.64
32.69482712,67.391972,Ground Nut,0,42.06
30.0837019,62.44339946,Ground Nut,0.16,43.29
32.69435583,62.51014083,Ground Nut,0,46.52
32.25730296,66.69662314,Ground Nut,0,45.95
31.19439265,55.60872971,Ground Nut,0,43.4
33.62465186,73.16053744,Ground Nut,0.01,40.23
32.2892277,59.99209925,Ground Nut,2.85,44.64
31.31073691,65.63683906,Ground Nut,0,47.15
32.90794777,70.57960348,Ground Nut,0,40.66
33.9451246,70.55464259,Ground Nut,1.25,47.41
32.44221297,61.01380542,Ground Nut,0,43.88
33.05783291,67.60413473,Ground Nut,0,43.57
33.11867553,57.42312508,Ground Nut,8.44,43.42
32.48530015,71.0531122,Ground Nut,0,48.97
31.87314342,62.3478741,Ground Nut,0,43.97
30.89364513,61.99208423,Ground Nut,0,44.29
31.98314121,69.58272044,Ground Nut,0.09,47.1
31.15162986,63.01803802,Ground Nut,2.9,49.67
32.13848109,57.10851445,Ground Nut,0.41,46.84
32.18074129,55.26434644,Ground Nut,14.43,40.7
33.48973659,56.1397279,Ground Nut,3.24,45.21
32.14778175,58.31526308,Ground Nut,21.2,47.03
32.81428175,69.62005329,Ground Nut,0,42.8
32.29564207,72.3572389,Ground Nut,0,46.18
32.29968054,60.51951421,Ground Nut,0,46.22
32.34541494,66.03798759,Ground Nut,0,48.49
31.11863784,72.66339729,Ground Nut,6.09,49.38
33.36681473,62.39935969,Ground Nut,12,42.4
33.34241882,62.93108511,Ground Nut,0,45.28
30.72759238,61.86126791,Ground Nut,54.3,48.08
30.34644308,74.52194934,Ground Nut,0,45.98
30.66938267,64.33053444,Ground Nut,0,43.64
30.81100962,67.71155945,Ground Nut,0,43.24
31.92411618,71.7794527,Ground Nut,73.12,48.36
25.52468965,72.24850829,Jute,0,80.66
26.59104992,82.94164078,Jute,0,77.36
25.29781791,86.8870535,Jute,0,81.77
25.72100868,88.16513579,Jute,4.08,81.71
23.58419277,72.00460848,Jute,0,87.39
25.31042337,72.01364411,Jute,0,84.4
23.41798979,85.08640476,Jute,0,75.39
24.35564134,88.80391021,Jute,0,88.46
26.284017,75.14640198,Jute,0.01,84.09
25.13842773,83.12053888,Jute,0,86
24.88692811,71.91711523,Jute,5.08,79.49
25.75734909,88.36668522,Jute,27.29,81.69
23.12844351,74.68322732,Jute,0.87,85.62
24.9949957,88.95692783,Jute,0,79.99
25.21622704,70.88259632,Jute,0.81,81.72
24.39736241,79.26861738,Jute,2.43,90
23.31410442,71.4509053,Jute,0,81.41
25.72668885,81.86171563,Jute,9.75,86.29
26.96656378,78.21047693,Jute,36.02,81.43
23.70467146,74.63745355,Jute,0.16,75.64
24.90075709,73.84186449,Jute,0,84.78
23.39605743,72.60512854,Jute,0,79.31
26.8748389,79.78725152,Jute,0,86.11
23.1426498,74.99739774,Jute,8.48,76.57
24.29496635,77.62976013,Jute,0,87.33
24.39459498,89.89106506,Jute,0,84.14
25.7629429,80.76238215,Jute,60.73,78.43
25.4879684,84.48235878,Jute,5.67,83.7
25.37122686,76.2403666,Jute,5.11,76.16
26.21312799,81.70476368,Jute,5.76,89.42
24.30748599,78.54340987,Jute,2.44,78.06
23.76554749,87.98329901,Jute,0,88.43
24.79853023,78.53037059,Jute,12.32,87.54
23.20683504,74.09956958,Jute,0,79.05
23.66805429,70.89000744,Jute,4.95,88.35
25.12417673,85.72530641,Jute,0,80.4
23.89069041,83.46409075,Jute,0,89.89
23.09433785,81.45139295,Jute,0,78.22
24.21744605,82.85284045,Jute,1.23,87.17
24.06475727,71.31342851,Jute,0,81.97
24.85441411,74.4407048,Jute,0,85.6
26.41915161,76.85691248,Jute,0,89.67
24.89326318,77.01222585,Jute,0,79.58
23.25583402,82.7015932,Jute,15.13,83.72
24.7634518,87.06071115,Jute,13.6,87.43
24.97042599,78.62697699,Jute,3.34,76.02
26.12797248,80.49172597,Jute,0,81.26
25.97825807,81.65769588,Jute,0.7,76.53
26.2830571,73.35763537,Jute,0,80.12
26.38905406,83.31240346,Jute,0,85.25
25.2746335,73.7459581,Jute,0.97,85.22
23.09499564,78.45959697,Jute,15.71,84.24
25.79351957,81.76904006,Jute,0,76.46
23.17403323,87.88255345,Jute,31.13,82.07
25.63215038,79.95150917,Jute,2.49,78.09
25.848795,87.81661683,Jute,4.09,81.58
26.56767277,80.90424543,Jute,0,87.89
26.24532085,72.97198375,Jute,0,81.68
26.91515043,73.19897535,Jute,0.13,86.66
24.36972377,82.11319791,Jute,0.18,89.17
25.71901283,79.15532398,Jute,0,79.34
25.01157559,88.3313023,Jute,0,88.41
25.40785911,76.44048625,Jute,0,80.06
23.28081,74.27607475,Jute,8.25,89.03
23.98651719,82.09053379,Jute,7.44,86.51
24.48556447,83.20630007,Jute,5.42,89.14
25.86705009,84.09985284,Jute,0,79.83
23.5643831,79.46283115,Jute,0,80.34
24.2248758,74.89465426,Jute,0,77.79
25.49386782,86.97061481,Jute,0,76.28
24.97178693,79.47557931,Jute,12.89,85.24
24.80624984,82.09281674,Jute,4.58,84.08
23.16814977,76.66724969,Jute,0.45,88.85
24.25133493,89.86454053,Jute,0,80.56
26.58361011,78.00774772,Jute,14.63,87.95
26.82489244,78.20392774,Jute,0.01,88.98
25.49674786,81.13449097,Jute,0,81.1
24.09874353,80.57226761,Jute,0,87.52
23.18866654,86.20899734,Jute,0,78.57
26.24347471,78.51063754,Jute,0,81.75
23.75091572,71.14782585,Jute,0,85.23
26.13871511,79.1188943,Jute,0.12,85.31
26.14576648,71.23690851,Jute,0,88.6
26.91643698,73.48655995,Jute,0,86.83
26.5232969,77.17331847,Jute,3.41,86.84
23.81579631,80.94023552,Jute,0,88.92
26.50838667,86.84264005,Jute,0,89.92
26.63952463,70.95705996,Jute,0,89.73
23.3250131,79.79609448,Jute,0,88.87
26.47549543,73.96164569,Jute,0,76.5
23.78756036,74.36794079,Jute,0,81.78
25.49941707,75.99987588,Jute,0,87.2
23.24925555,73.65346838,Jute,6.26,80.74
26.98582182,89.05587886,Jute,0,79.19
23.61475336,86.14290267,Jute,0,75.22
23.87484465,86.79261344,Jute,0,76.68
23.92887902,88.07112278,Jute,0,79
24.81441246,81.68688879,Jute,13.22,82.16
24.44743944,82.286484,Jute,0,85.1
26.57421679,73.81994896,Jute,2.49,78.52
15.78144173,92.51077745,Jute,10.54,84.19
26.03097313,91.50819306,Jute,0,81.91
13.36050601,91.35608208,Jute,0,89.76
18.87957654,92.04304496,Jute,0.02,87.85
29.47741671,91.57802915,Jute,0,77.1
28.06903173,92.91487288,Jute,6.5,88.37
25.66901098,92.04670813,Jute,0,76.55
29.77149434,92.00719952,Jute,6.09,84.02
30.55472573,90.90343769,Jute,0,77.34
23.96147583,90.26408017,Jute,0,84.33
23.98289638,91.5473145,Jute,10.46,81.11
25.26052689,90.31153735,Jute,0,80.66
31.08368929,90.14362642,Jute,0,78.72
14.78003032,91.22062116,Jute,0,78.12
26.56608303,94.45239715,Jute,0.08,79.75
24.85903405,94.39000473,Jute,0.3,79.55
34.51465139,93.63812684,Jute,0,87.5
24.12188673,90.72351622,Jute,0.66,88.67
23.85340379,90.10522549,Jute,0,85.91
24.60297538,91.28408653,Jute,0,78.67
15.63211033,94.25966183,Jute,92.96,83.95
19.33516809,91.97978938,Jute,0,79.38
28.2620488,91.98317355,Jute,0,80.15
22.67594476,93.36348717,Jute,0,79.22
21.03200078,92.9641969,Jute,0,80.74
33.23453301,91.06053924,Jute,6.45,75.81
22.30318989,92.15987039,Jute,0,88.28
11.50322938,94.8933184,Jute,0,87.74
14.34320488,94.35734702,Jute,0.81,75.45
33.1056981,93.48447453,Jute,0,76.07
30.49183837,90.4582865,Jute,0,78.74
30.25578031,92.03272799,Jute,8.96,88.32
12.22816189,90.26457428,Jute,0,78.07
10.01081312,90.22399223,Jute,0.65,82.12
22.79196751,90.60901895,Jute,0.07,87.24
20.18432263,90.65458473,Jute,0.06,82.17
30.72119881,94.01331956,Jute,0.25,84.22
24.35590861,92.39651663,Jute,9.81,80.06
21.21306973,91.35349216,Jute,9.01,87.9
10.78689755,91.38411917,Jute,1.62,88.92
11.89925671,91.34663797,Jute,2.62,75.78
22.56664172,93.37488907,Jute,0,80.54
18.86883219,93.24688124,Jute,0,80.66
17.34083741,93.04897191,Jute,0,82.27
34.90665289,92.87820148,Jute,0.71,86.46
24.53610067,91.90997228,Jute,19.47,75.22
13.8377282,91.74780462,Jute,0.23,77.53
22.3551049,93.52211892,Jute,0.08,77.46
34.74004942,93.12316972,Jute,0,78.55
11.54785707,94.14861001,Jute,11.75,85.8
23.13338811,91.94670335,Jute,0,85.16
29.98364695,94.55239717,Jute,0.19,76.97
20.87947369,90.93756231,Jute,0.04,85.61
17.24944623,91.13772765,Jute,33.31,85.49
15.83388699,91.68293851,Jute,0.02,76.08
23.01014302,91.11764246,Jute,0.24,89.9
16.39624284,92.18151927,Jute,0,75.35
24.45132792,93.10527686,Jute,0,82.46
31.87859192,91.15248149,Jute,46.99,81.44
31.34920143,91.48247612,Jute,0,80.95
18.05142392,90.03969587,Jute,6.48,86.88
30.84835031,92.86773675,Jute,0,78.97
22.45616931,91.52781832,Jute,29.28,76.65
13.70319166,90.95589386,Jute,0.07,83.02
20.48954522,93.72485075,Jute,0,89.59
13.20844373,94.02769434,Jute,0,81.97
32.31944397,93.67804556,Jute,0,77.57
20.68185224,90.91510525,Jute,0.87,75.19
31.52675982,90.50621806,Jute,0,83.55
25.35467646,91.81183218,Jute,3.26,77.89
17.66545409,91.69865887,Jute,34.98,82.76
12.59093977,91.81668769,Jute,0,84.12
11.86631922,93.68394562,Jute,0,86.65
11.03367937,92.22706805,Jute,56.8,88.5
25.2990432,94.96419851,Jute,0.01,78.9
32.23797837,90.15406807,Jute,0,88.28
17.68408797,94.35815354,Jute,2.97,80.78
10.2708877,90.19147747,Jute,0.38,81.13
17.22034507,94.78797376,Jute,0,78.2
19.667056,90.50096668,Jute,0,76.17
10.35609594,93.75652041,Jute,8.27,88.12
27.255435,91.71369387,Jute,0,88
34.5917846,92.13229786,Jute,0.7,78.29
32.39523995,94.51768464,Jute,0,89.57
10.16431299,91.22320999,Jute,4.46,86.63
21.49118657,93.43949693,Jute,0,83.91
16.53460397,94.76759975,Jute,0,87.71
31.8520694,90.12220323,Jute,0,84
28.04799508,90.00621688,Jute,0,82.59
31.75048899,94.59551226,Jute,0,88.72
29.07412717,93.27189064,Jute,2.44,77.76
19.14381903,90.71037456,Jute,0,77.16
16.14820285,91.4448027,Jute,0,80.08
34.05296914,92.05811721,Jute,0,84.21
34.51423957,90.56151463,Jute,0,75.11
32.71748548,90.54608254,Jute,0,89.21
25.16296632,92.54736032,Jute,14.66,83.47
27.68167318,94.47316879,Jute,0.99,83.86
21.35093384,90.9492967,Jute,0.02,89.6
11.69894639,93.25638873,Jute,21.55,89.62
17.13692774,20.59541693,Kidney Beans,4.19,12.13
19.63474332,18.90705639,Kidney Beans,1.08,16.88
22.91350245,21.33953114,Kidney Beans,0,12.8
16.43340342,24.24045875,Kidney Beans,0,15.7
22.13974653,23.02251117,Kidney Beans,0,15.73
17.84806561,18.77621951,Kidney Beans,0.31,13.18
19.88394011,20.31564139,Kidney Beans,0,15.78
19.32509638,23.3334788,Kidney Beans,0,13.79
18.4167001,23.42829938,Kidney Beans,18.31,10.82
21.81167649,23.20591245,Kidney Beans,0,14.29
19.72702528,18.28173015,Kidney Beans,2.43,17.76
17.15432954,19.87070659,Kidney Beans,0,13.03
19.62207826,18.67170854,Kidney Beans,4.86,10.28
21.63149148,21.17919701,Kidney Beans,0,13.45
16.06522754,18.72479695,Kidney Beans,0,16.25
20.61162204,24.36314135,Kidney Beans,0.01,13.92
21.42451099,20.39659714,Kidney Beans,0,16.89
19.07096165,21.21092266,Kidney Beans,0.81,15.15
21.18853178,19.63438599,Kidney Beans,0.09,12.9
23.0429097,22.42610972,Kidney Beans,0.17,12.1
20.65375833,23.10538637,Kidney Beans,0,15.39
18.09551014,18.29318436,Kidney Beans,0.36,15.7
18.23775702,21.07643273,Kidney Beans,0,11.02
17.48189735,18.8251973,Kidney Beans,0,15.8
19.9191786,21.47324158,Kidney Beans,0,16.23
20.27514686,23.2353604,Kidney Beans,1.71,10.89
15.77370214,19.2303162,Kidney Beans,0,16.37
16.71170642,19.17651433,Kidney Beans,2.23,15.3
17.66148158,18.15302753,Kidney Beans,0.57,11.34
18.50692825,23.61670065,Kidney Beans,0,12.66
24.51324787,20.81527638,Kidney Beans,0,11.87
18.87614998,24.54038287,Kidney Beans,0,13.64
21.59343016,20.31871249,Kidney Beans,0.16,11.35
20.12373284,24.45202552,Kidney Beans,0,16.38
15.43546065,18.37477907,Kidney Beans,6.34,17.37
22.64236876,21.59396123,Kidney Beans,0.9,16.57
21.98560799,24.87304788,Kidney Beans,0,11.43
20.53052663,18.09224048,Kidney Beans,35.25,17.03
15.78601387,21.14544088,Kidney Beans,0,14.52
19.6365349,19.68751084,Kidney Beans,0,15.61
20.57341244,19.7520218,Kidney Beans,0.41,12.93
20.16080524,24.84207559,Kidney Beans,0.57,16.3
21.53989176,24.25386207,Kidney Beans,0,12.24
15.53834801,23.75560241,Kidney Beans,0,16.89
19.91853092,20.70099804,Kidney Beans,0,16.05
20.76952209,18.93146941,Kidney Beans,3.28,14.81
23.46168338,23.22197648,Kidney Beans,0,11.74
24.32116642,21.0278674,Kidney Beans,0,15.84
20.12574053,24.96969858,Kidney Beans,10.22,13.52
21.80619564,18.57086554,Kidney Beans,0,15.55
19.52226241,24.92607153,Kidney Beans,0,10.1
17.00067625,19.90790546,Kidney Beans,9.32,14.64
16.78791503,24.96881755,Kidney Beans,0,14.56
24.84906168,22.89464642,Kidney Beans,6.03,15.42
16.51783455,20.4555596,Kidney Beans,0.01,15.7
18.15300153,19.38602098,Kidney Beans,12.23,17.09
23.18864385,22.3104551,Kidney Beans,0,12.91
23.38002569,21.98879437,Kidney Beans,1.58,11.81
18.358923,19.37703396,Kidney Beans,1.44,17.11
19.25975367,20.51346956,Kidney Beans,0,15.98
22.95458237,24.03553105,Kidney Beans,6.21,14.06
20.120043,22.89845607,Kidney Beans,0.07,14.65
21.14011423,22.7182355,Kidney Beans,0,11.6
24.92360104,18.22590825,Kidney Beans,8.14,12.76
15.33042636,24.91506728,Kidney Beans,1.86,11.9
18.81097271,21.27833035,Kidney Beans,0,10.77
23.44260668,22.77255917,Kidney Beans,0,11.44
22.8352024,18.97267518,Kidney Beans,0.98,11.59
24.9035819,22.27512704,Kidney Beans,0,10.42
23.78709569,24.35679348,Kidney Beans,0,14.56
22.05592283,19.60379304,Kidney Beans,0.01,15.2
18.87492997,20.18238348,Kidney Beans,0,16.79
18.62328774,23.02410338,Kidney Beans,0,11.95
23.00884744,18.86880997,Kidney Beans,0,12.47
19.33162606,24.13995025,Kidney Beans,8.46,13.05
16.24469193,21.35793891,Kidney Beans,0,16.86
17.91652287,24.90814655,Kidney Beans,12.15,13.37
15.46789263,21.43780702,Kidney Beans,0.37,15.47
17.06104474,23.77201471,Kidney Beans,0.1,13.48
21.32776028,18.48522915,Kidney Beans,0,17.54
23.90910104,20.74619325,Kidney Beans,0,12.12
23.89756791,22.74378977,Kidney Beans,0,14.76
22.98666928,20.57940608,Kidney Beans,0,10.89
21.35135729,22.91244883,Kidney Beans,0.21,16.93
24.1638445,19.27907819,Kidney Beans,0,10.71
24.62835037,18.18325169,Kidney Beans,9.94,15.68
21.02213209,24.93896255,Kidney Beans,8.56,10.48
17.30844532,20.01730914,Kidney Beans,1.59,17.83
23.82576704,24.75485098,Kidney Beans,0,13.03
19.30607278,23.96362799,Kidney Beans,0,12.06
16.03768615,22.33195853,Kidney Beans,5.02,12.62
19.18572809,20.83398341,Kidney Beans,9.11,16.6
19.92889503,21.79992115,Kidney Beans,0.08,12.6
19.56376468,24.67385131,Kidney Beans,0,15.02
18.31357543,24.32991649,Kidney Beans,7.29,14.4
20.10993761,23.22323766,Kidney Beans,3.77,11.01
23.60506572,21.90539577,Kidney Beans,0,12.17
19.73136909,24.89487354,Kidney Beans,0,15.97
20.93409877,21.1893007,Kidney Beans,0,11.84
18.78226261,20.24768314,Kidney Beans,0.28,16.26
22.61359953,63.69070564,maize,0.98,69.23
26.10018422,71.57476937,maize,0,73.74
23.55882094,71.59351368,maize,0,65.54
19.97215954,57.68272924,maize,2.51,63.65
18.47891261,62.69503871,maize,11.4,74.49
21.77689322,57.80840636,maize,6.6,65.8
25.6217169,66.50415474,maize,0,62.77
25.19192419,66.6902901,maize,0,67.16
20.41683147,62.5542482,maize,0,62.92
24.92162194,66.78627406,maize,4.26,73.18
23.31689124,73.4541537,maize,7.37,66.26
24.84016732,68.3584573,maize,20.7,63.69
22.27526694,58.84015925,maize,0,73.18
18.87751445,65.76816093,maize,0,62.08
25.19008683,60.2001687,maize,17.69,75.71
18.25405352,55.28220433,maize,0.01,64.26
24.6129118,70.4162444,maize,0,64.7
25.1420613,65.26185135,maize,0,71
23.09348056,60.1159381,maize,0,73.26
18.05033737,62.89366992,maize,10.52,58.53
24.9321581,73.80435276,maize,0,64.82
18.14710054,71.09445342,maize,0,72.06
18.28362235,66.65952796,maize,0,62.54
18.83344471,58.75082029,maize,9,67.76
25.71895816,67.22190688,maize,0,62.63
25.33797709,68.49835977,maize,0,58.77
23.89114571,57.48775781,maize,35.56,63.32
21.53574127,71.50905983,maize,0,68.36
23.08974909,63.10459626,maize,0.05,61.74
25.61707368,63.4711755,maize,0,64.77
21.44526922,63.1621551,maize,0,66.23
18.51816776,55.53128131,maize,0,74.43
22.53510514,67.99257471,maize,14.59,63.44
23.02038334,61.89472002,maize,0,67.58
24.89364635,65.61418761,maize,33.08,75.89
25.77175115,74.089114,maize,0.52,66.19
19.39851734,62.35750641,maize,5.05,73.91
21.54156232,59.64024162,maize,0.81,73.7
23.79746068,74.82913698,maize,0,74.48
18.9802729,74.52600826,maize,0,66.01
24.10859207,73.13112261,maize,0,67.88
24.7947077,70.04556743,maize,3.24,72.22
21.63162756,60.27766379,maize,0,65.38
25.37548751,57.21025565,maize,0.13,61.11
22.21738222,72.85462807,maize,0,63.89
20.58314011,69.00128641,maize,0,72.49
24.87502824,68.74248334,maize,0,69.97
20.03728219,56.35606753,maize,30.79,64.34
25.95263264,61.89082199,maize,0,72.85
19.28889933,65.47050802,maize,0,74.9
20.57981887,65.34583901,maize,2.62,59.99
24.71417533,56.73426469,maize,0,75.15
20.27317074,63.91281869,maize,13.7,70.13
18.41932981,64.23580251,maize,0,62.54
23.39128187,61.74427165,maize,0.54,62.63
19.84939404,61.24500053,maize,35.42,75.5
21.869274,61.91044947,maize,0,75.21
22.8056033,56.50768935,maize,0,58.86
19.0781471,69.02298571,maize,2.94,74.09
22.02720976,65.35549924,maize,0,70.33
23.80546189,59.24537979,maize,0,65.74
18.52510753,69.0276233,maize,2.91,66.02
23.50297882,61.32026065,maize,0,71.89
26.54986394,72.89187265,maize,0,62.3
19.29563411,69.63481219,maize,13.17,60.21
20.68899915,59.4375337,maize,0,70.08
19.32666088,68.034493,maize,0,67.64
24.60532218,73.58868502,maize,0,75.36
22.27373646,59.52193158,maize,0.29,64.15
25.70196694,61.33450447,maize,16.53,63.75
19.20129357,68.30578978,maize,0.47,73.55
21.70181447,60.47470519,maize,0,58.87
20.51716779,59.21235483,maize,0,74.51
23.30355338,73.62548442,maize,0,72.08
24.2547451,55.64709899,maize,0,75.53
24.86374934,65.7420046,maize,0,72.62
22.6265115,65.77472881,maize,12.91,62.56
18.04185513,60.61494304,maize,0,64.69
23.26237612,72.33125523,maize,60.07,71.11
22.88330922,71.59722446,maize,0.49,71.64
25.97482359,69.36385721,maize,0,62.88
26.14384005,66.20569924,maize,0,72.84
18.66116213,61.55327249,maize,0,75.25
25.10787449,55.97732754,maize,0,75.22
23.33844615,59.24580604,maize,0.68,74.9
25.08239719,65.92195844,maize,0.41,58.42
25.36768364,72.52054555,maize,0.04,65.42
25.34217103,63.31801994,maize,0,72.3
25.00933355,67.816568,maize,5.45,62.9
18.66746724,71.516474,maize,9.72,64.6
20.37999665,63.73849998,maize,0,68.8
18.09300227,72.61024172,maize,0,61.77
26.16985907,71.96246617,maize,31.37,75.73
18.65396672,61.37879671,maize,83.57,75.94
26.07470121,59.37147589,maize,2.69,75.32
18.92851916,72.80086137,maize,0,66.34
23.30546753,63.24648023,maize,2.55,65.97
18.74826712,62.49878458,maize,0,71.45
19.74213321,59.66263104,maize,1.4,67.02
25.73044432,70.74739256,maize,2.56,72.93
26.33377983,57.36469955,maize,0,62.57
26.45288458,55.32222678,maize,0,75.48
25.70822684,52.88667115,maize,0,74.43
24.12832546,56.18107663,maize,0,72.45
23.44372334,60.39523266,maize,0.99,59.87
23.4123707,52.26994674,maize,0.5,71.65
23.05951896,50.40609436,maize,0,71.39
23.07895447,63.65861483,maize,0,64.76
27.6496114,51.11044023,maize,2.59,69.02
25.46743689,69.35161206,maize,0,63.51
26.7350622,55.55164819,maize,0,62.11
26.20811417,52.50987966,maize,0,70.94
27.0424167,57.27927475,maize,51.55,70.19
24.65090184,51.93952357,maize,0,70.79
27.35152643,55.99375012,maize,0,67.42
25.17787724,62.26244581,maize,0,66.13
23.11438731,68.00096043,maize,0,75.11
27.22783677,52.95261751,maize,0,61.76
23.26316991,60.5160021,maize,0,73.61
25.234661,57.53161469,maize,0,65.82
25.59535262,57.72920846,maize,0.72,73.19
25.5674832,60.49244602,maize,0,65.13
25.67324193,51.29043632,maize,0,66.76
24.40726724,62.65692638,maize,0.16,61.45
23.69287069,66.76090123,maize,34.99,71.17
24.53460016,66.99765375,maize,0,71.19
27.13140403,52.89368299,maize,10.73,72.15
27.56088634,68.49299897,maize,0.21,68.13
23.59302313,55.27564977,maize,0,74.32
23.17714381,52.13864034,maize,0,75.45
24.71384065,51.29142534,maize,0,65.37
24.38534644,64.72543073,maize,0,64.6
27.15998538,51.59100753,maize,9.72,64.98
26.53543168,67.09608099,maize,0,62.34
27.01207284,60.76645256,maize,4.09,60.36
27.55906475,58.45742907,maize,0,73.41
23.32293161,53.00366334,maize,0.01,72.21
24.23850608,54.30329632,maize,0,66.99
23.42611644,64.10651528,maize,1.62,73.18
26.02241444,55.83288958,maize,0,72.38
24.83846178,56.7685316,maize,8.73,64.93
26.24092174,65.64381357,maize,0,62.13
24.43011925,66.02411187,maize,0,67.78
26.00373964,62.1445102,maize,0,69.74
26.22367404,62.26594559,maize,20.18,65.7
27.09617155,63.55324262,maize,0,69.77
25.64004392,61.03273481,maize,0,69.46
27.74576987,54.36976075,maize,0,72.06
26.24928198,54.28617819,maize,0,67.88
26.67377159,52.24226285,maize,0.33,68.45
27.10210397,55.7497332,maize,0,72.07
27.62975458,61.26002598,maize,0,65.21
27.5364547,55.51673151,maize,0.02,70.83
23.56960509,50.56339727,maize,0,66.56
24.99451759,57.93250202,maize,0,66.81
27.56441788,54.41094079,maize,23.99,60.52
23.98143338,61.10935084,maize,0,63.81
24.22984659,67.37768353,maize,0.17,71.63
25.60153969,68.66257977,maize,28.71,74.9
24.31274458,53.57285558,maize,7.68,71.72
26.36629861,52.25738495,maize,0.04,60.25
26.5602777,57.1621814,maize,0,66
26.35034208,58.50650238,maize,10.18,68.66
25.20406808,57.88370456,maize,26.29,65.03
23.35723208,55.18792166,maize,0,60.89
23.60567546,59.68849145,maize,0,59.92
24.18471151,69.94807345,maize,0,66.79
26.44414097,53.83876189,maize,29.96,74.77
26.12492233,63.37479229,maize,11,68.17
27.77363343,64.47858698,maize,13.03,58.57
25.55656667,62.67087838,maize,18.22,61.5
27.92374437,67.96910852,maize,0.1,63.32
26.05968403,52.31098539,maize,39.92,74.49
26.35770906,64.57578034,maize,0,75.9
24.91370487,54.15319242,maize,2.46,70.69
27.31317116,68.4233391,maize,6.21,71.25
26.1387869,52.26311691,maize,0.8,76
23.1069385,67.06230539,maize,0.42,58.48
23.52648086,68.44030686,maize,0.71,65.62
25.11711046,68.48030408,maize,0,59
24.02952505,58.84880599,maize,0,60.61
26.70897548,69.71184111,maize,10.54,69.81
26.71717393,50.50148528,maize,39.05,71.67
24.59245684,56.46829641,maize,20.49,65.63
27.51006055,50.66687215,maize,0,64.31
27.57847581,58.52534263,maize,0.05,62.43
26.65069302,57.56695719,maize,0,69.95
26.97251562,62.0183627,maize,48.08,72.16
23.17124551,52.97841162,maize,5.25,69.49
23.52652084,65.44340921,maize,0,67.91
27.30901814,55.196224,maize,0,59.85
27.54823036,62.88179198,maize,0,67.94
25.627355,57.04151119,maize,7.34,65.71
23.29250318,50.04557009,maize,0.01,68.29
24.91461008,53.74144743,maize,3.91,69.64
26.77463708,66.4132686,maize,0.88,67.38
27.41711238,56.63636248,maize,29.59,61.25
24.13179691,67.22512329,maize,0,70.79
26.2724184,52.12739421,maize,0,68.59
23.60301571,60.39647474,maize,0,72.45
45.38352611,12.81876216,millet,0,22.67
45.12259476,13.87064234,millet,0,14.57
41.83652013,13.37757959,millet,0,22.34
45.24994923,11.49326561,millet,35.45,21.14
40.31763988,12.85586494,millet,0.05,18.13
45.99873995,13.10201951,millet,2.43,22.54
43.43755917,10.20357223,millet,0,23.54
49.51043695,11.22912477,millet,0,23.64
43.30667836,11.77588145,millet,0.57,18.98
45.19657149,12.2158747,millet,0,23.53
41.1918356,14.48979781,millet,0,23.35
43.34991463,13.70360342,millet,6.49,14.99
49.87673602,15.49100816,millet,1.85,18.21
40.44240021,11.93478976,millet,0,16.99
43.06789439,15.35182165,millet,0,22.66
48.50763857,10.98982094,millet,0,16.62
44.15239311,11.7520485,millet,0,19.26
43.4095322,13.02275209,millet,0,23.51
46.46106813,10.49877523,millet,0,14.16
48.4240046,10.09410906,millet,0,14.37
47.80136389,11.19576631,millet,6.48,22.72
47.31098623,11.84956674,millet,0,18.27
40.42716839,14.11184194,millet,0,14.75
40.898423,11.44708224,millet,43.53,18.09
44.12226723,14.2759221,millet,0.25,18.57
42.73357643,14.82902619,millet,0,18.38
40.20388328,12.20664416,millet,0,15.4
40.13607173,15.25265205,millet,17.83,21.79
49.75607785,11.86226218,millet,0,14.95
43.93224402,12.37513875,millet,10.2,23.96
44.04055886,11.06905071,millet,0,17.85
49.61514501,15.33215292,millet,2.77,23.88
40.39941626,14.146757,millet,49.58,18.65
40.1546,10.57269602,millet,0,15.34
44.06757102,10.65747963,millet,0,15.75
46.14731883,12.21381384,millet,0,18.2
46.42017709,14.91813537,millet,2.1,22.94
42.96150158,13.20674411,millet,0,22.53
48.13355759,10.12391552,millet,0,18.11
44.29982099,10.08689038,millet,5.67,17.73
44.08530559,14.98193344,millet,0,20.59
41.27589067,11.3517338,millet,0,20.23
49.08184524,12.21658122,millet,1.42,16.23
44.67292003,15.39053375,millet,0.82,20.23
46.55001415,12.14300827,millet,16.9,15.28
44.22336093,13.75835809,millet,44.37,20.51
46.77775839,15.22339767,millet,0.08,22.66
45.6374671,11.19524988,millet,0,18.35
40.20716241,15.23034852,millet,0.08,21.37
41.77277819,13.99342761,millet,0,18.98
42.734953,10.92249557,millet,0,22.59
45.10663268,10.62509408,millet,0,22
41.48692887,14.39693316,millet,0,14.33
40.48200586,13.15089404,millet,3.96,18.83
49.28474862,13.36601682,millet,20.85,23.6
41.52268511,11.82784658,millet,0,19.71
41.72885654,15.24298284,millet,0.72,23.87
44.05589427,13.99241334,millet,0,16.88
46.10006092,12.8617614,millet,0,18.62
41.09196785,11.99457876,millet,55.1,20.2
45.11604889,10.97597718,millet,0,15.66
47.43602009,15.00651263,millet,0,14.96
43.23043616,14.61906656,millet,0,22.59
42.72931618,15.33494645,millet,5.22,18.7
47.17536994,13.13000889,millet,0,14.83
45.01717421,10.34278151,millet,43.33,22.07
42.78552372,13.08763509,millet,0,21.44
49.91822378,12.53951867,millet,0.8,22.95
42.38178521,10.62689664,millet,0,17.81
44.88879793,15.40488033,millet,0.24,20.19
44.07676357,12.5618229,millet,16.37,23.2
43.36246175,14.0175366,millet,0,17.37
46.45914417,11.38541276,millet,0,24
49.72934792,10.68779921,millet,24.61,18.13
42.86390961,14.96648096,millet,2.46,19.11
45.12105633,12.86515141,millet,11.54,20.56
41.6776823,14.93295201,millet,0,17.16
46.8928142,15.44314248,millet,21.8,22.16
44.97228167,11.19894882,millet,0,21.99
44.56609859,12.04319517,millet,0,15.9
47.62660416,14.02856794,millet,0,17.65
42.96802078,12.11380828,millet,0.78,19.07
46.57247892,11.70405493,millet,0,20.67
47.57373777,12.77831421,millet,0,21.01
41.48407529,12.54385579,millet,14.76,22.26
43.92574093,12.13217106,millet,31.3,19.33
49.47097243,10.03699714,millet,0,19.65
43.79902948,14.78016453,millet,15.09,18.9
49.43265615,14.16331094,millet,0.7,16.12
43.4420885,14.17417993,millet,0,21.63
49.10462823,12.13177603,millet,0,18.43
48.63447551,13.8657846,millet,0.04,19.63
44.38307214,13.65128468,millet,0,14.45
40.92030901,10.0340484,millet,25.5,14.52
48.7952637,10.50313106,millet,0,16.09
43.52038668,13.26718427,millet,0,23.66
47.03538939,11.84530491,millet,0,23.42
48.44654619,10.88759897,millet,0.14,23.47
46.50038918,12.44150499,millet,0,16.17
46.51582225,11.44218515,millet,0,21.81
27.43329405,87.80507732,muskmelon,0,12.82
28.3340432,80.77275974,muskmelon,0,10.4
27.01470397,84.34262707,muskmelon,0,12.53
28.17432665,81.04554836,muskmelon,0,11.57
29.87888063,87.32761241,muskmelon,0,12.43
29.89232778,89.71503316,muskmelon,0,12.17
28.56212158,83.24855855,muskmelon,0,12.32
27.53592929,85.5701901,muskmelon,0,9.68
29.68361658,87.93598094,muskmelon,0.16,12.29
28.14448546,82.1193047,muskmelon,0,8.24
29.53037621,86.73346018,muskmelon,0,10.82
27.88352946,86.45147631,muskmelon,0.16,9.93
28.22471276,82.35916228,muskmelon,0,11.3
29.008124,84.96089355,muskmelon,21.56,11.06
29.75538903,86.45193297,muskmelon,0,10.51
29.78416743,85.16906976,muskmelon,0,8.2
27.8640132,80.4513142,muskmelon,0,8.47
27.11026483,84.96771717,muskmelon,0,8.93
27.11030369,83.64274107,muskmelon,1.45,10.91
28.95451232,89.07866095,muskmelon,0,9.4
29.21780035,87.93724219,muskmelon,0,10.18
28.7420098,85.81675947,muskmelon,0,11.92
29.65021184,80.29868321,muskmelon,0,10.15
27.23924995,86.404241,muskmelon,0,12.67
28.95172351,81.67085323,muskmelon,0.08,9.48
28.18837136,82.60629652,muskmelon,0,8.23
28.30041493,86.20681554,muskmelon,17.23,8.73
27.89636126,88.71782287,muskmelon,1.59,8.48
28.6899851,87.50436797,muskmelon,60.11,9.2
27.8262623,88.73100226,muskmelon,0,10.18
28.70562673,81.59200689,muskmelon,6.67,9.53
28.6362812,84.61431076,muskmelon,0,9.21
28.28511547,88.4393979,muskmelon,0.57,10.85
27.60887393,86.13316408,muskmelon,0,10.58
28.60901145,86.99495766,muskmelon,0.55,11.08
29.24598976,84.80084105,muskmelon,0,10.74
28.62911222,89.1148059,muskmelon,0.02,11.88
29.57329479,88.07505524,muskmelon,0.01,8.65
27.82684262,87.16679147,muskmelon,0.57,9.04
29.8757015,83.14796296,muskmelon,0,11.39
27.33684386,88.50229102,muskmelon,0,9.47
29.83040388,89.30428305,muskmelon,0,10.35
28.2753171,82.76020821,muskmelon,0,9.87
29.86860065,85.99127934,muskmelon,0,9.93
29.5888162,89.9939693,muskmelon,1.78,11.66
28.07219563,82.9116472,muskmelon,10.59,9.43
27.84026517,89.99615558,muskmelon,0,9.19
27.10818093,87.4512669,muskmelon,0,10.7
27.68515114,81.94268594,muskmelon,0,9.76
29.34594634,85.60472562,muskmelon,0,10.96
28.36319404,84.8593608,muskmelon,0,9.87
27.65280218,89.80650642,muskmelon,0,12.63
27.31372793,85.44815232,muskmelon,0,8.55
27.06909959,86.89934108,muskmelon,0.04,11.72
28.06642822,85.91625451,muskmelon,43.68,8.33
27.73329078,81.13903037,muskmelon,0.23,12.81
27.53632932,89.92908171,muskmelon,0,12.23
29.66461594,84.28187572,muskmelon,0,11.57
29.9145443,85.85384444,muskmelon,0,9.49
28.36363858,87.59810657,muskmelon,0,9.76
29.46416042,87.60890009,muskmelon,0,9.65
29.73013036,82.89166381,muskmelon,0,9.79
27.46852989,87.17649,muskmelon,0,8.53
27.77076285,87.09979549,muskmelon,0,11.54
29.12939524,88.48312598,muskmelon,11.45,11.77
27.10606808,89.89593328,muskmelon,0,12.66
28.88078945,86.94206817,muskmelon,0.76,8.31
28.14720892,83.8001509,muskmelon,0,11.74
29.89129144,80.14487166,muskmelon,6.31,11.17
27.41503453,80.98004661,muskmelon,0,11.03
29.27308605,89.4875022,muskmelon,0.07,11.75
29.65296893,88.48587386,muskmelon,0.17,8.17
28.44524991,82.67639542,muskmelon,0,8.29
27.96235681,83.97586797,muskmelon,0,11.42
29.25649321,81.97952224,muskmelon,0,9.09
28.36291385,88.00989267,muskmelon,53.56,9.92
27.62749466,86.49366929,muskmelon,0,10.33
28.66086349,86.12194568,muskmelon,0,9.96
29.2114218,87.11497805,muskmelon,4.9,10.63
29.40889385,86.16063492,muskmelon,3.86,12.41
28.02952623,84.8845732,muskmelon,16.55,8.62
28.08657178,80.35005927,muskmelon,0,12.82
29.16174608,80.28038146,muskmelon,0,8.88
29.8596912,80.03499648,muskmelon,0,12.7
29.06631494,83.6869203,muskmelon,0.26,11.73
27.38538997,88.66663953,muskmelon,0,11.08
27.93034941,85.42058715,muskmelon,0,8.9
29.2808618,81.8009244,muskmelon,0,12.79
28.9973145,83.78911515,muskmelon,0,12.65
27.92678579,86.5543196,muskmelon,0,9.95
28.5474135,88.9570454,muskmelon,3.43,11.01
29.36488409,89.1886954,muskmelon,0,12.62
28.56149805,83.63802195,muskmelon,0,9.31
28.43683487,87.91332682,muskmelon,0,11.18
28.79728147,80.45744422,muskmelon,2.57,11.05
28.7275267,89.12760359,muskmelon,0,10.72
27.95639663,83.52706038,muskmelon,0,10.16
28.17458662,83.69659318,muskmelon,0.36,8.15
28.77653519,86.69133979,muskmelon,25.21,9.8
28.438097,83.48991368,papaya,27.15,36.28
27.57826922,94.11878202,papaya,0.08,39.6
27.82054812,93.03555162,papaya,2.02,32.12
28.04943594,90.83130708,papaya,0,41.54
29.91690582,94.55695552,papaya,11.58,39.84
29.86895762,93.25103208,papaya,0,35.05
29.17220859,92.21405224,papaya,0,30.02
29.24908541,90.06998135,papaya,0,37.11
27.76317235,90.35567642,papaya,0,30.06
28.82629037,94.26765349,papaya,0.46,36.32
28.52379742,92.09688432,papaya,0,35.63
29.06785065,90.97685539,papaya,0.22,31.17
29.08417927,90.73891887,papaya,4.39,32.22
28.47090661,94.79453182,papaya,0,39.55
28.27973674,90.38971208,papaya,0,39.63
28.47212559,91.21322065,papaya,0,33.45
29.68846716,94.30111601,papaya,4.08,33.86
27.02415146,91.66737633,papaya,0,30.51
29.09588297,94.16748386,papaya,0.11,30.79
29.69238699,92.58862544,papaya,0,36.5
28.20619412,92.86798698,papaya,0,36.59
29.05248036,93.92217834,papaya,1.66,32.34
29.57240298,93.61870344,papaya,0.04,39.49
29.10968327,92.43510994,papaya,2.52,38.27
28.20480805,92.91440379,papaya,0,40.44
29.11858526,92.12543021,papaya,20.77,36.38
29.62800691,90.10051615,papaya,10.55,36.14
29.81196601,90.36881284,papaya,0.53,34.75
27.72338349,90.93897939,papaya,0,38.5
29.26092798,92.92367701,papaya,0.01,30.05
29.72791119,94.29753295,papaya,1.26,30.79
28.91105641,90.78413842,papaya,0,40.59
28.96361426,93.88482153,papaya,0,36.23
28.59052369,91.33617236,papaya,2.58,41.09
27.33897716,90.69759008,papaya,5.41,38.08
29.90415889,90.75284363,papaya,1.62,39.87
27.42711692,90.02696201,papaya,0.01,41.1
29.55657523,90.70937262,papaya,2.46,35.32
29.84070774,93.76312893,papaya,5.67,37.51
28.53545677,91.72742702,papaya,0,39.62
27.11535046,94.86907886,papaya,0,35
27.84492803,91.60666594,papaya,0,37.29
29.03157242,91.82172592,papaya,3.1,30.48
27.82424457,90.56698742,papaya,0,40.51
27.72653142,92.00687531,papaya,0,31.79
28.69708334,94.30759855,papaya,6.52,37.69
29.73019662,90.97015715,papaya,0.02,37.49
29.54097171,92.91778307,papaya,0,40.52
28.80311922,91.78336933,papaya,12.05,40.59
27.29035669,90.53330091,papaya,0,31.17
27.46583649,94.87679041,papaya,0,31.51
29.49401389,94.72981338,papaya,0,39.25
27.79161808,92.51054946,papaya,2.55,37.03
29.12533739,91.52291141,papaya,1.06,38
27.93114233,93.56161439,papaya,0,31.6
29.45771748,92.12534736,papaya,0,31.01
27.96872279,92.17444796,papaya,0,38.86
29.48882958,91.07574233,papaya,0,33.31
29.47156259,90.77069618,papaya,0.7,35.39
27.0767265,90.14362622,papaya,0,32.39
27.30008597,90.80015308,papaya,0,41.68
29.82729394,90.79007335,papaya,1.41,34.29
29.93061247,93.22980899,papaya,0,35.24
29.94349168,93.90741192,papaya,0,32.38
28.03306461,91.47355778,papaya,8.88,31.65
29.8843055,94.0371147,papaya,0,41.74
27.7058373,92.91185695,papaya,0.5,41.65
29.78714005,94.65343534,papaya,0,30.08
28.57819995,92.86597437,papaya,10.34,40.6
29.48069921,90.33698678,papaya,0,38.38
27.51492243,94.96218673,papaya,0,39.86
28.05457761,94.81637388,papaya,1.42,40.32
29.03167341,93.12603235,papaya,0,32.59
28.5854649,91.89216849,papaya,0,32.82
27.08808014,93.42402083,papaya,0,37.41
27.99611732,90.84660317,papaya,0,35.29
27.87317436,91.14849627,papaya,0,36.28
28.96586565,90.71832938,papaya,0,39.18
28.87726019,92.48839665,papaya,0.05,31.71
29.17052093,94.19790371,papaya,0,34.49
29.34033587,90.01506395,papaya,0,32.03
29.07265321,91.91533173,papaya,0,41.3
28.68275966,92.50969311,papaya,22.37,35.34
28.92705913,91.39356832,papaya,0,37.45
27.99901833,91.64193051,papaya,0,33.64
27.59350075,91.79742953,papaya,0.57,30.13
29.87331077,90.60932469,papaya,0,40.7
28.55852465,90.45773041,papaya,0,37.04
29.19378695,91.46241065,papaya,0,37.2
27.98780984,92.78226196,papaya,0,36.49
28.05380704,91.81758779,papaya,0,33.93
27.3506296,94.2911951,papaya,0.92,40.02
29.34081108,94.5513539,papaya,0,39.04
28.61475136,94.22253035,papaya,5.48,35.27
27.04863538,91.34685096,papaya,0,32.71
29.5275305,94.57459443,papaya,0,39.73
28.50416396,93.46806467,papaya,0,33.03
28.89578588,94.78993038,papaya,0,37.26
27.04927452,91.3821731,papaya,1.88,31.01
28.96017885,91.69532178,papaya,0,36.3
35.21462816,91.49725058,papaya,0.01,30.23
42.39413392,90.79028064,papaya,0,39.07
38.4191628,91.14220381,papaya,0,37.75
35.33294932,92.11508608,papaya,0,33.74
42.92325255,90.07600528,papaya,108.54,40.88
33.83508569,92.85470152,papaya,0,32.78
33.20258348,92.76437927,papaya,54.65,39.24
23.48546973,93.71043692,papaya,0,34.76
29.33710543,90.81781439,papaya,26.81,34.34
40.21199348,94.50766912,papaya,0,38.06
42.13473976,91.70445386,papaya,8.34,40.48
32.86316618,91.4618874,papaya,0,35.74
29.80744318,91.38048469,papaya,0,39.52
31.56213762,93.0484859,papaya,0,40.5
36.32268069,93.06134398,papaya,0,34.22
37.13165026,94.60761797,papaya,101.86,37.7
38.4418717,93.63739039,papaya,0,41.33
32.66160599,90.78931681,papaya,0,38.29
27.92765919,91.55594211,papaya,29.74,38.49
39.01793345,91.48815629,papaya,0,34.66
32.51247398,94.65904123,papaya,50.26,32.59
38.72382798,91.72514851,papaya,0,32.06
43.30204933,92.83405443,papaya,0,30.53
27.58548913,90.72526502,papaya,0,34.7
40.78881819,92.90951393,papaya,0.16,41.79
23.19451074,91.40301608,papaya,0,32.2
32.68067385,92.61715632,papaya,0,36.62
34.28879307,93.61082872,papaya,0,35.63
39.30050027,94.16193416,papaya,16.55,36.94
39.73149053,91.12220596,papaya,0,38.03
39.23342464,91.25589286,papaya,0,37.5
27.34734861,94.17756725,papaya,0.08,37.83
40.76998685,92.09278584,papaya,0,35.43
26.26559543,90.79668055,papaya,0,37.35
28.12971499,93.3210737,papaya,0,35.22
34.2804607,90.55561637,papaya,0.13,41.75
33.7960155,93.00754254,papaya,34.43,36.45
31.53243779,90.87394933,papaya,1.9,34.06
42.30495821,90.51431779,papaya,0.05,31.83
24.63676897,90.61964344,papaya,0,31.99
28.28222883,91.37059792,papaya,0,31.85
24.48620746,92.98254537,papaya,0.82,38.37
42.84609252,94.63548176,papaya,0.54,34.43
43.67549305,93.10887229,papaya,0,32.63
42.07213781,92.92203105,papaya,5.5,38.33
33.46873719,92.12746225,papaya,0,38.82
31.7018373,91.66232213,papaya,0.43,33.06
41.41968393,90.03863107,papaya,0,39.5
42.54744013,94.94482086,papaya,0,37.37
28.91842453,94.63676767,papaya,9.03,37.84
43.08022702,93.90305729,papaya,3.32,34.46
29.20300896,93.96834049,papaya,0.21,30.25
41.04224355,91.37258067,papaya,4.4,41.81
25.62446619,93.18240298,papaya,28.54,39.3
35.32876402,91.06138506,papaya,0,38.02
24.42561272,92.27749066,papaya,0,39.9
31.18298415,90.21646909,papaya,20.42,39.84
31.88342554,91.3256535,papaya,0,40.48
42.93368602,91.1756748,papaya,0.49,41.24
23.11407669,94.31994776,papaya,40.21,33.78
24.87212063,93.90560147,papaya,0,40.97
43.36051537,93.35191636,papaya,0.01,41.94
26.83054058,90.75379971,papaya,3.78,30.15
30.42012134,93.12659793,papaya,150.37,38.08
28.64555584,93.22642604,papaya,0.18,30.41
32.50037548,93.47888842,papaya,0,30.45
43.03714283,94.6428898,papaya,0,39.59
30.10773379,90.34546355,papaya,9.02,41.02
23.69212243,93.61055571,papaya,0.04,35.92
35.67667332,93.30641944,papaya,0,36.94
27.71948962,94.43877142,papaya,0.18,35.46
35.26824831,92.38282957,papaya,0.33,39.34
23.16855863,90.78821158,papaya,0,39.86
33.08706051,92.25197542,papaya,0,33.82
37.4620912,90.44967809,papaya,0.19,39.07
38.73218907,94.73613484,papaya,28.03,34.17
32.57720726,92.74889453,papaya,4.87,34.06
38.38231475,93.10378595,papaya,0,40.29
42.93605359,90.09448142,papaya,0,32.8
25.65492304,92.74501561,papaya,0,34.05
37.58899717,91.99740365,papaya,0,32.8
29.60718808,93.15642801,papaya,0,34.48
25.34756111,93.02871078,papaya,14.8,33.06
25.9300384,93.02357765,papaya,0,32.38
32.76795887,94.57377401,papaya,0,35.5
29.02328049,90.20396783,papaya,24.17,40.41
40.00439101,90.17015833,papaya,0,31.11
33.32315744,91.25271223,papaya,0,41.34
31.22790131,94.94021378,papaya,0,39.04
26.68386496,92.9585411,papaya,0.57,41.71
24.70528368,90.14732171,papaya,0,31.85
38.2016825,93.97379963,papaya,0,40.88
36.56769731,93.79503425,papaya,50.35,37.76
26.05375792,93.69111672,papaya,4.86,31.02
31.29986342,92.76039164,papaya,0.16,34.75
40.10207731,94.35110201,papaya,8.91,31.93
38.58954491,91.58076549,papaya,0,39.33
41.31330062,91.1508798,papaya,0,35.77
37.03551903,91.79430166,papaya,0,41.59
23.0124018,91.07355541,papaya,0,32.47
36.51268371,57.92887167,Pigeon Peas,18.93,31.06
36.89163721,62.73178224,Pigeon Peas,19.45,35.66
29.23540524,59.38967583,Pigeon Peas,0,36.76
27.33534897,43.35795962,Pigeon Peas,0,33.91
21.0643684,55.46985938,Pigeon Peas,19.48,31.62
30.33276599,42.35249879,Pigeon Peas,8.97,35.03
31.80130272,45.03186173,Pigeon Peas,4.05,31.32
33.18184225,38.23184742,Pigeon Peas,5.73,37.58
29.38538562,63.47742011,Pigeon Peas,8.24,36.57
30.27374995,67.38680755,Pigeon Peas,0.85,32.36
35.45790488,68.75810535,Pigeon Peas,0.88,34.43
33.80020039,40.03262418,Pigeon Peas,37.73,36.26
28.69180475,49.47225353,Pigeon Peas,0,30.78
31.24021696,56.67369054,Pigeon Peas,0,36.97
28.98039357,57.23265151,Pigeon Peas,4.14,36.22
27.32198928,34.13737127,Pigeon Peas,0.64,30.73
21.47607807,38.80023714,Pigeon Peas,0.02,36
18.31910448,34.69776639,Pigeon Peas,0.64,35.17
36.97794384,37.73992903,Pigeon Peas,0,32.13
24.80467592,40.1242747,Pigeon Peas,0,33.57
19.3479443,55.96805489,Pigeon Peas,7.1,31.98
28.88302142,50.12323801,Pigeon Peas,0,35.9
19.54314136,47.19188279,Pigeon Peas,0,37.86
24.7741949,50.54621094,Pigeon Peas,0,32.84
18.33124824,38.40975482,Pigeon Peas,21.41,37.53
19.14729038,45.3733757,Pigeon Peas,0,34.45
28.23416057,49.4421345,Pigeon Peas,0.01,36.73
30.11812084,34.13307843,Pigeon Peas,0,34.4
33.4126864,35.42910045,Pigeon Peas,0,33.86
24.18553163,46.68746847,Pigeon Peas,0,37.81
26.88630675,41.69617915,Pigeon Peas,0,37.22
31.33170829,57.97429171,Pigeon Peas,7.34,31.76
33.30711818,67.07780816,Pigeon Peas,10.27,30.75
23.45379018,46.48714759,Pigeon Peas,0,34.56
34.53823889,39.04468913,Pigeon Peas,0,33.49
19.50112224,34.51086611,Pigeon Peas,0.82,32.64
28.76794904,37.57792132,Pigeon Peas,0,37.96
30.97758716,32.24914235,Pigeon Peas,0.73,36.24
18.39759147,36.82639309,Pigeon Peas,0.32,30.64
35.09357419,30.98685456,Pigeon Peas,0,37.72
34.93174223,30.40046769,Pigeon Peas,0,35.89
29.50523036,35.72032498,Pigeon Peas,0,30.8
34.51934775,47.52980027,Pigeon Peas,0,36.53
28.43430726,52.10010827,Pigeon Peas,44.42,34.89
18.41645629,34.80541039,Pigeon Peas,5.78,33.98
31.07508973,47.19847683,Pigeon Peas,44.89,31.92
20.89342749,46.24856523,Pigeon Peas,0,30.88
30.90607799,52.79913039,Pigeon Peas,46.19,36.99
27.9348279,66.45457122,Pigeon Peas,0,35.45
35.95176642,36.52780776,Pigeon Peas,0,31.03
19.54317155,56.92831399,Pigeon Peas,0,36.81
19.63736208,32.31528909,Pigeon Peas,0.08,31.11
31.2192752,56.46868874,Pigeon Peas,17.15,31.61
33.50876355,45.70976142,Pigeon Peas,0,36.97
24.80710166,45.01110015,Pigeon Peas,13.87,30.49
36.20970524,31.94550613,Pigeon Peas,0,34.87
30.50420876,35.48885969,Pigeon Peas,13.1,35.99
26.01630259,49.94704718,Pigeon Peas,85.41,32.3
31.48469278,35.6395615,Pigeon Peas,0,33.61
33.15122581,32.45974539,Pigeon Peas,18.87,32.65
23.50222822,51.29019509,Pigeon Peas,0,30.45
34.87248659,38.83786012,Pigeon Peas,0.59,32.73
28.09269012,44.93322042,Pigeon Peas,1.78,37.73
24.54757829,57.3414485,Pigeon Peas,1.98,31.26
33.64769646,48.41490082,Pigeon Peas,0,35.55
20.5591255,60.54880693,Pigeon Peas,0.18,31.83
19.95991719,59.33157782,Pigeon Peas,24.31,32.42
28.87667593,62.4901206,Pigeon Peas,0,35.35
36.04353699,43.61444121,Pigeon Peas,0,33.17
23.6734328,47.2879691,Pigeon Peas,0,34.79
25.74679443,40.7192594,Pigeon Peas,9.07,30.27
31.08564994,66.68832981,Pigeon Peas,3.59,33.72
18.72987676,61.33186249,Pigeon Peas,0.1,37.5
29.50304807,63.46513414,Pigeon Peas,6.48,30.16
20.43517772,39.37252634,Pigeon Peas,0.54,30.03
36.00415838,56.01334416,Pigeon Peas,0,34.71
31.46846241,35.39454002,Pigeon Peas,4.33,34.1
36.30049702,56.03021253,Pigeon Peas,0,35.31
29.49096726,67.10604388,Pigeon Peas,0,33.87
30.5753044,34.75591197,Pigeon Peas,0,33.74
24.69487673,59.96669215,Pigeon Peas,39.52,36.99
23.17409556,36.67847052,Pigeon Peas,0,35.95
19.04380471,33.10695144,Pigeon Peas,0,33.95
29.32379604,45.93248374,Pigeon Peas,0,37.64
34.6455408,54.32342534,Pigeon Peas,6.77,37.6
21.9989826,56.31006755,Pigeon Peas,3.28,32.49
22.99774444,60.24218572,Pigeon Peas,24.13,31.18
30.55992394,35.29006485,Pigeon Peas,0,36.47
31.46417866,48.17631461,Pigeon Peas,0,30.53
25.95058595,40.58227261,Pigeon Peas,0,37.5
21.01142393,69.69141302,Pigeon Peas,20.48,32.63
19.25100056,47.70351758,Pigeon Peas,0.59,33.46
19.24462755,50.54495302,Pigeon Peas,20.81,33.48
22.47253208,62.56532471,Pigeon Peas,0,32.02
36.75087487,58.25799145,Pigeon Peas,0.24,34.01
29.89286629,66.35375127,Pigeon Peas,0,35.28
29.37735586,44.82294584,Pigeon Peas,0,32.16
29.65052947,42.89833235,Pigeon Peas,89.37,37.31
19.54284889,66.34777265,Pigeon Peas,2.5,30.14
20.04611791,48.93905624,Pigeon Peas,0,35.14
20.87974371,82.00274423,rice,0,74.35
21.77046169,80.31964408,rice,0,68.29
23.00445915,82.3207629,rice,0,70.76
26.49109635,80.15836264,rice,57.87,69.4
20.13017482,81.60487287,rice,0.09,71.34
23.05804872,83.37011772,rice,0,61.01
22.70883798,82.63941394,rice,0,65.32
20.27774362,82.89408619,rice,3.03,73.5
24.51588066,83.5352163,rice,0,72.73
23.22397386,83.03322691,rice,0,61.49
26.52723513,81.41753846,rice,0,69.53
23.97898217,81.45061596,rice,0.32,71.72
26.80079604,80.88684822,rice,0,66.26
24.01497622,82.05687182,rice,0,68.55
25.66585205,80.66385045,rice,26.71,68.87
24.28209415,80.30025587,rice,18.78,74.01
21.58711777,82.7883708,rice,0.6,63.65
23.79391957,80.41817957,rice,0,62.56
21.8652524,80.1923008,rice,0,61.43
23.57943626,83.58760316,rice,0,62.09
21.32504158,80.47476396,rice,0,68.66
25.15745531,83.11713476,rice,0,71.85
21.94766735,80.97384195,rice,25.16,72.74
21.0525355,82.67839517,rice,0,68.51
23.48381344,81.33265073,rice,0.04,63.12
25.0756354,80.52389148,rice,0,64.46
26.35927159,84.04403589,rice,12.51,66.69
24.52922681,80.54498576,rice,20.89,71.66
20.77576147,84.49774397,rice,0,64.96
22.30157427,80.64416466,rice,0,65.01
21.44653958,84.94375962,rice,0,62.35
22.17931888,80.33127223,rice,0.11,61.72
24.52783742,82.73685569,rice,12.32,72.7
20.26707606,81.63895217,rice,0,66.81
25.7354293,83.88266234,rice,0,61.87
26.79533926,82.1480873,rice,9.95,61.85
26.75754171,81.17734011,rice,0,61.42
23.86330467,83.15250801,rice,3.28,71.53
21.01944696,82.95221726,rice,0,63.33
24.17298839,83.7287574,rice,0,69.31
22.78133816,82.06719137,rice,0,70.78
25.62980105,83.52842314,rice,18,67.21
25.59704938,80.14509262,rice,2.67,66.36
23.83067496,84.81360127,rice,10.53,63.9
26.31355498,82.36698992,rice,0,66.02
24.8972823,80.52586088,rice,0,64.83
24.958779,84.47963372,rice,0,61.99
23.24113501,84.59201843,rice,0,73.29
21.66628296,80.70960551,rice,0,63.77
24.63544858,80.41363018,rice,0,68.14
23.43121862,83.06310136,rice,0,65.69
20.0454142,80.3477562,rice,0,69.06
23.85724032,82.22572988,rice,0,74.28
21.97199397,81.89918197,rice,0.28,60.63
26.22916897,83.83625819,rice,15.1,72.09
23.44676801,84.79352417,rice,0,60.22
25.65553461,83.47021081,rice,49.5,73.77
24.44345477,82.45432595,rice,13.98,70.31
20.2801937,82.1235421,rice,0,73.59
21.7238313,80.2389895,rice,11.56,61.25
20.41447029,82.20802629,rice,0.35,68.92
25.75528612,83.51827127,rice,0.26,64
20.61521424,83.77345559,rice,0.36,73.34
21.84106875,80.72886384,rice,1.47,70.8
20.08369642,83.29114712,rice,0,68.14
24.45802087,82.74835604,rice,0.28,67.11
21.14347496,80.33502926,rice,0,71.65
25.78720567,82.11124033,rice,0,72.94
23.64124821,80.28597873,rice,0,69.45
23.43191632,80.56887849,rice,0,70.43
24.97669518,83.891805,rice,52.55,65.19
22.72791041,82.1706881,rice,0,69.85
24.87300744,82.84022551,rice,0,72.27
21.32376327,83.00320459,rice,0,61.97
26.29465461,84.56919326,rice,25.24,62.84
22.2286982,81.85872947,rice,0,69.92
26.73072391,81.78596776,rice,0,60.87
24.88921174,81.97927117,rice,0,63.71
26.88444878,81.46033732,rice,0,65.95
22.67846116,83.72874389,rice,0,64.94
26.08867875,80.37979919,rice,17.1,72.42
25.42977518,82.94682591,rice,0,70.22
26.40323239,81.05635517,rice,1.34,66.37
26.04371967,84.96907151,rice,21.28,70.78
25.2827223,80.54372813,rice,0,61.33
22.08576562,83.47038318,rice,12.33,64.31
23.28617173,81.43321641,rice,0,73.23
25.48591986,81.40633547,rice,0,71.89
23.67575393,81.03569343,rice,55.49,71.89
20.82477109,84.1341879,rice,0,73.16
26.92995077,81.91411159,rice,0,61.35
23.83509503,83.88387074,rice,0,74.39
26.52872817,80.12267476,rice,9.6,71.07
26.46428311,83.85642678,rice,0,73.42
22.69657794,82.81088865,rice,0,67.68
22.68319059,83.46358271,rice,0.71,63.61
21.53346343,82.14004101,rice,0,69.86
21.40865769,83.3293191,rice,0,60.78
26.54348085,84.67353597,rice,32.7,67.46
23.35905428,83.59512273,rice,0,72.65
27.91095209,64.70930606,rice,0,72.27
27.32220619,51.27868781,rice,0,69.99
28.66024187,59.3189118,rice,0.05,62.58
29.02955344,61.09387478,rice,0.16,63.65
27.78031515,54.65030015,rice,54.82,69.67
31.99928579,54.1077461,rice,2.61,60.15
27.33580911,55.27755933,rice,0,62.11
28.92952635,53.57014709,rice,0.08,60.73
27.65472156,58.59986279,rice,0,71.47
28.52396666,55.77264351,rice,0,71.01
31.02215872,45.89239456,rice,19.78,71.95
25.74095321,45.38497051,rice,0,64.37
31.70447482,56.85420099,rice,0,66.06
24.47876451,58.51663927,rice,0,61.18
31.46511256,51.79939437,rice,0,69.17
25.60973447,50.7330069,rice,35.65,60.35
30.30260453,47.18283631,rice,0.18,65.09
28.17489437,43.6672299,rice,0,68.56
25.50634557,44.8302551,rice,0,69.01
31.12896766,43.58788762,rice,31.3,70.54
26.34043268,55.59160391,rice,0,67.87
28.23494706,61.5620517,rice,0,70.9
27.04453473,49.32609633,rice,14.81,66.85
25.16125354,55.25435777,rice,0,72.26
27.3179125,51.66921088,rice,0,66.65
25.4123765,49.66474269,rice,0.02,60.16
31.21629982,46.01868196,rice,0,70.94
30.573999,58.22686794,rice,0,72.63
25.42517036,53.2208266,rice,0,64.99
27.09400578,43.65305437,rice,5.8,61.5
24.30935081,56.32938343,rice,3.54,72.56
30.06142622,45.90067655,rice,20.7,62.35
28.09568993,60.9835384,rice,14.09,61.53
26.33908791,40.00933429,rice,1.63,72.41
28.61409059,57.14218792,rice,1.03,70.54
28.70012137,44.359648,rice,0,61.38
24.21610338,59.79236306,rice,0,65.8
28.50677929,45.20094476,rice,0,72.31
25.97948991,64.95585424,rice,6.57,62.38
30.88482722,41.36561835,rice,0.04,60.98
25.5042419,61.66852372,rice,0.24,64.84
25.12528913,51.33189406,rice,0.41,70.2
27.10508014,63.56791363,rice,11.26,70.24
31.1006247,44.82069159,rice,0,72.74
26.45707778,56.40226277,rice,0.17,67.7
30.04132304,63.56222995,rice,0,71.34
27.77799528,54.82130787,rice,0.14,72.24
30.99256944,43.02151392,rice,0,70.68
26.4908332,47.36534833,rice,0,65.59
31.96987867,57.17377029,rice,1.63,63.68
25.36140526,46.82652785,rice,0.17,63.09
25.54249137,56.96640758,rice,0.88,63.81
28.99319096,62.85948245,rice,8.91,65.08
29.34317422,60.50320928,rice,0.01,60.55
28.63618921,61.39451307,rice,0,66.48
24.83206631,44.17085032,rice,0,72.24
25.44689075,58.55363573,rice,0,65.48
31.01274943,62.40392519,rice,5.59,67.18
27.06179658,52.3003173,rice,25.9,66.58
27.0956288,42.26206161,rice,0.27,63.27
28.56800579,57.30636014,rice,0,64
28.79929247,49.84213387,rice,0,65.51
27.94293692,45.41393636,rice,0,63.88
30.47757686,61.58245338,rice,0,70.59
30.58139475,50.77148138,rice,0,67.78
26.85911286,41.81420849,rice,0,74.39
26.31051759,61.18749126,rice,9.2,71.43
28.77833449,44.2252605,rice,0,66.64
28.90245417,43.35365671,rice,0.41,63.54
29.37687468,57.69622912,rice,0,71.66
24.17093241,58.25204566,rice,5.8,70.31
26.65333029,59.79023382,rice,0,71.03
28.19912143,53.50567601,rice,2.74,64.78
28.76488954,52.62741529,rice,0,64.54
29.3499706,61.25353851,rice,0,64.94
28.00937423,52.60950014,rice,0,74.12
26.85851927,48.8246387,rice,1,60.14
31.2123945,40.92604945,rice,31.05,65.64
24.20422636,61.43378674,rice,0,60.95
29.98835437,49.60384796,rice,3.37,63.2
29.93964907,54.61813464,rice,27.57,65.33
31.2119298,41.55934359,rice,0.01,62.44
26.80474415,48.23991436,rice,7.56,62.48
31.49398069,62.84916863,rice,9.44,68.77
30.99694676,46.42693735,rice,0,68.52
29.61253065,63.04749127,rice,25.28,66.87
29.97604322,57.03184356,rice,0.64,65.81
30.88883074,52.62696801,rice,0,66.26
30.39321309,60.16299493,rice,0.04,61.96
30.43683729,55.20522037,rice,40.42,63.76
25.32688786,63.18180319,rice,0,71.92
30.53684308,59.96664731,rice,0,64.83
30.38257873,40.5926071,rice,0,65.17
24.01825377,53.76623369,rice,0,60.41
28.69841277,61.14754363,rice,0,62.65
29.33743412,49.00323081,rice,0,60.55
27.96583691,61.34900107,rice,0,73.43
24.86803974,48.27531965,rice,0,73.32
25.87682261,45.96341933,rice,0,70.89
31.01963639,49.9767522,rice,0,68.03
31.48468379,72.73930065,rice,0.81,69.72
23.22281906,70.07147666,rice,0.74,69.82
22.72115394,69.95054857,rice,0.19,64.84
29.1445857,60.76907241,rice,0.01,60.75
22.45072926,64.60266193,rice,16.86,73.94
33.86234244,64.11673775,rice,0,64.55
26.64588548,70.80010239,rice,0,70
29.36844736,69.50563361,rice,12.26,71.71
32.88585306,66.62275428,rice,7.29,73.07
26.16451456,71.11050794,rice,0,62.55
32.7874383,76.5115355,rice,0,64.68
30.85433994,71.74014495,rice,0,70.46
32.81296537,64.18835465,rice,3.52,73.54
21.63742097,73.89990946,rice,0,66.81
21.56081364,62.0665007,rice,0,70.86
24.91898014,71.09481073,rice,27.8,69.64
23.3675234,65.54535645,rice,1.68,61.34
32.61168513,74.96302106,rice,0,66.31
32.98761855,73.84546192,rice,0,61.9
21.1671627,63.90289553,rice,0.01,74.11
32.29245075,77.08029976,rice,0,72.73
31.85745209,71.31378964,rice,0,63.33
20.46228174,68.49782433,rice,0,60.29
30.20210041,70.77868547,rice,0,70.86
32.83804521,76.08870692,rice,45.93,62.97
28.64841334,70.16448796,rice,36.08,67.44
33.20749638,68.98017415,rice,0,72.05
30.8789865,74.97867505,rice,0,68.99
23.26796952,79.88797861,rice,6.52,60.37
26.92593036,77.69563064,rice,0,70.89
33.95209584,76.82493649,rice,0,64.68
20.09136946,64.86995687,rice,0,71.26
26.08577313,68.70408867,rice,0,71.68
22.09104373,71.06865168,rice,11.51,71.17
33.95105177,79.77095311,rice,0.29,68.14
28.53146346,72.02988425,rice,0,69.26
28.00510977,65.91544318,rice,0,62.76
27.04402781,61.67144577,rice,0,68.25
33.13479807,61.06161287,rice,0,62.8
31.61960395,63.11118937,rice,0.02,67.53
27.50568957,72.96217824,rice,20.29,67.62
24.33278733,72.85963605,rice,0,68.47
28.72164631,68.48396712,rice,12.25,67.73
25.28101255,77.89117781,rice,0,68.92
30.83055881,66.82278572,rice,0,63.73
24.78475421,66.89269543,rice,20.13,64.83
21.2500493,69.58160569,rice,0,64.69
22.71147615,75.98510859,rice,24.61,62.49
28.98830116,79.70318414,rice,0,74.17
26.66935651,67.58260094,rice,0,65.88
26.44910438,71.18922861,rice,0.5,73.44
25.15272442,63.8863676,rice,6.26,68.5
22.15367553,62.58985824,rice,0,73.08
22.16269576,72.34714578,rice,0,64.9
25.99183159,76.58720553,rice,0,71.27
27.65509604,77.67665681,rice,2.34,63.1
28.59943017,60.04305978,rice,0,67.34
21.80851548,65.75303936,rice,18.65,65.31
24.586226,65.78813972,rice,13.82,63.5
28.75736442,64.81397693,rice,1.64,71.81
25.53649642,76.23770154,rice,0,69.65
28.86914133,70.40013301,rice,0,64.45
23.20653917,73.50784047,rice,0.35,72.55
30.03447137,70.96233479,rice,0,65.61
22.69094467,72.59373961,rice,4.05,61.82
21.8236595,60.15547794,rice,0,70.36
21.73121202,72.4114395,rice,0,64.29
31.76167796,79.61176657,rice,0,64.24
31.32720734,65.00833756,rice,0,71.36
32.25321056,78.7452545,rice,1.16,63.73
20.40661421,75.18687327,rice,0.3,70.57
28.9138963,64.35045603,rice,0,69.64
21.3272581,71.83382967,rice,0,61.6
23.41584543,73.1323122,rice,0.01,71.25
33.8708865,69.67260343,rice,0,67.48
23.92271434,68.73467,rice,0,65.24
23.57774533,68.14003616,rice,0,72.46
23.9388272,67.02513499,rice,0,73.39
22.71215545,68.71296425,rice,47.57,61.91
27.62626513,64.80749697,rice,0,73.33
30.88267511,66.76335562,rice,0,65.75
21.61239794,74.60527765,rice,0,63.89
33.70567542,74.63636822,rice,0,74.41
29.89576763,77.54178244,rice,0,69.44
28.39103747,75.60782474,rice,0.01,62.82
28.69331555,60.3355541,rice,0,73.31
24.26818049,64.93405804,rice,0,66.83
25.41082075,79.81621819,rice,0,72.92
29.83448534,73.95783114,rice,11.81,73.25
21.43816465,62.78147963,rice,0,71.47
30.34034318,70.67210446,rice,25.65,71.75
22.40555923,75.47428788,rice,0.13,63.59
22.66469526,70.42390503,rice,0,67.94
27.74080015,60.46107788,rice,0,72.19
30.85454844,70.0216622,rice,0,61.81
27.94020348,78.9584192,rice,4.88,67.77
25.58747374,68.81615784,rice,0,68.27
21.96790926,77.62337175,rice,0,64.77
28.13171727,74.90414653,rice,0,70.63
32.83179905,78.71368558,rice,0,64.43
28.40979139,81.21372954,Tea,1.39,21.24
26.44996751,83.63894793,Tea,3.6,31.71
27.8558593,76.91493565,Tea,0,31.09
26.60974334,84.62857867,Tea,11.48,29.06
25.14325486,76.25495928,Tea,0,21.64
28.30438304,77.60189297,Tea,1.73,29.11
25.96881895,84.44559159,Tea,0,28.39
28.73181558,84.79260995,Tea,0,20.43
27.88241319,81.76227945,Tea,0,30.94
28.64515621,75.8456005,Tea,2.43,29.52
28.40189746,77.87165942,Tea,0,30.94
27.1436664,79.35006835,Tea,5.15,22.07
26.95962595,78.8589892,Tea,0,30.91
27.71437,82.24762867,Tea,24.33,22.72
29.34811684,77.94450774,Tea,3.24,22.28
28.23138275,77.93817227,Tea,0,28.02
29.70032295,76.15556826,Tea,0,21.72
28.70208492,80.00045005,Tea,0,28.72
29.06609437,79.01523076,Tea,2.53,31.21
25.74836894,84.94118326,Tea,0,28.17
29.21834271,76.13446389,Tea,34.16,26.6
28.42122721,79.52441175,Tea,0,31.82
28.81600633,83.9501556,Tea,0,23.65
25.78720961,78.29599475,Tea,0,32.88
26.02447028,79.53912093,Tea,0,29.6
25.17130253,79.10554201,Tea,0,24.04
27.97936569,84.58160642,Tea,0,34.39
25.70411895,78.47683289,Tea,0,21.37
29.95544134,76.12451553,Tea,5.8,22.97
27.76524299,83.61715217,Tea,0,26.54
29.00415186,81.35453438,Tea,32.96,21.19
26.92665759,80.64463219,Tea,0,23.97
29.55632756,78.99277082,Tea,0.25,25.24
25.24176822,78.70195003,Tea,0,26.32
27.59555793,82.61816025,Tea,0.28,25.23
26.74432094,81.19277504,Tea,0.73,25.21
27.53865279,81.63043607,Tea,0,28.02
25.33770467,82.55156737,Tea,0.74,28.69
28.16239338,79.64539569,Tea,0.06,30.88
27.67911271,79.43195718,Tea,0,29.22
26.28476984,79.69487801,Tea,8.31,25.09
27.75262492,83.01442499,Tea,7.5,29.48
26.6850458,80.84184748,Tea,0,34.93
27.22363021,78.66550126,Tea,0,25.18
27.93275013,77.68816009,Tea,0,20.83
27.42237669,80.91689725,Tea,0,30.32
26.70697391,81.25594629,Tea,0,22.5
28.8435693,83.41121327,Tea,1.07,20.26
29.78328283,81.4942798,Tea,19.31,26.27
26.96676041,78.34710237,Tea,0.08,28.41
27.6343933,81.16215487,Tea,1.67,21.99
29.51920776,75.74811709,Tea,5.87,26.72
27.58552412,75.28718377,Tea,0,31.93
27.24614082,76.71977281,Tea,0,24.43
27.38239022,81.6133004,Tea,0,33.58
29.79879995,79.88635021,Tea,0,31.94
28.76211931,76.20782722,Tea,0,26.85
29.59746196,84.59025585,Tea,0,24.86
26.44006401,77.7935365,Tea,0,31.34
25.64839004,75.09520431,Tea,0,26.91
26.4376674,82.86362985,Tea,0,33.9
26.42754491,84.08627518,Tea,0,25.78
25.9550371,77.86793592,Tea,0,24.61
27.23209908,79.30535684,Tea,0.34,27.96
28.76069497,78.82125128,Tea,0,27.22
26.139442,82.05036116,Tea,0,27.17
25.91221658,79.10178048,Tea,5.67,33.67
26.62951593,80.70629544,Tea,0,24.69
25.35792805,83.27971461,Tea,0.08,23.02
26.21018093,84.58157973,Tea,0,22.55
29.42572371,76.84941069,Tea,0,21.84
25.08600918,81.47163129,Tea,0,26.96
29.3347358,81.79933096,Tea,7.54,31.94
28.26299061,81.02185463,Tea,0,33.4
29.95369215,79.08654197,Tea,0,29.58
29.55263507,77.47595302,Tea,0,27.41
28.47590307,80.60163318,Tea,0,23.27
26.67198502,77.57891165,Tea,0,27.54
28.04046427,77.86672387,Tea,19.92,23.12
26.11139474,78.59291233,Tea,0,31.75
27.98216148,80.40728602,Tea,0.26,34.72
27.84759023,82.6003271,Tea,12.99,27.9
26.43206263,81.1237822,Tea,0,32.03
26.45852235,79.19255241,Tea,0.66,20.74
25.57752617,81.7274084,Tea,0,30.16
27.63406751,77.4738787,Tea,35,24.46
27.27736725,84.60550241,Tea,0,28.57
27.17473508,79.2949454,Tea,0,29.09
29.63163021,82.61872805,Tea,0,21.2
29.17510907,79.21985592,Tea,4.88,26.3
25.76397628,76.87744725,Tea,0,22.06
25.29762002,77.00992722,Tea,3.39,24.68
28.70487321,80.15847022,Tea,13.5,22.25
27.17730799,76.20149564,Tea,0,34.01
28.0567533,75.94187435,Tea,0.98,32.35
25.7521499,75.54797549,Tea,1.62,22.41
27.09128423,79.87706056,Tea,21.41,26.69
28.92269159,84.71599072,Tea,0.73,21.23
28.59095969,84.26018842,Tea,10.52,30.35
26.14360941,82.1718201,Tea,0.41,29.98
28.97274022,60.50275586,Tea,0,32.64
21.61299778,56.89640445,Tea,29.28,22.54
26.71554771,56.28765802,Tea,0,28.3
27.36559349,62.74215557,Tea,99.82,22.96
21.00527346,60.77131372,Tea,11.09,23.92
28.87307446,58.33021692,Tea,0.9,21.49
25.25360803,62.32168144,Tea,0,25.71
23.29235578,56.92431128,Tea,0,23.68
27.16935877,61.43782383,Tea,0,32.08
22.06389813,64.90015786,Tea,0,31.25
27.64363393,61.78526032,Tea,0.19,31.6
21.77257982,57.36551598,Tea,1.62,34.27
21.14788645,60.59493367,Tea,0,21.52
23.42065805,62.80335017,Tea,0,21.7
23.49211409,55.50981676,Tea,1.07,21.26
21.9348235,63.90516342,Tea,0,33.3
24.0028517,64.15172749,Tea,32.96,23.84
23.03270612,58.77109509,Tea,5.78,30.16
23.34008469,62.36487289,Tea,33.08,27.07
25.69642083,64.47737389,Tea,92.96,21.2
22.50457269,61.89100336,Tea,0,22.79
26.14390845,63.48370129,Tea,0,26.08
25.80495055,55.00985779,Tea,0,34.57
26.66413203,61.00949554,Tea,10.55,20.01
26.1454261,63.23452521,Tea,1.06,27.5
24.16451828,56.79991063,Tea,0,25.64
21.65594823,61.76715279,Tea,0,23.15
22.35753322,56.8091977,Tea,0,31.78
21.96202221,62.1370184,Tea,0.7,28.96
21.10407321,57.50157537,Tea,1.62,26.24
27.44758956,63.69135557,Tea,16.94,28.54
21.68623299,55.48736922,Tea,0.44,26.4
23.37388862,56.70918388,Tea,0.12,25.18
21.97467801,55.14035851,Tea,0.02,21.75
22.96228267,56.04805635,Tea,16.24,24.71
23.26790447,59.02050697,Tea,0.52,33.13
22.24106122,62.85507946,Tea,25.9,21.09
22.63639552,58.32292132,Tea,11.4,34.8
22.43163359,60.43807179,Tea,4.19,27.41
25.08481552,64.29997775,Tea,40.21,30.09
26.28259087,58.03195649,Tea,156.86,20.41
22.11748525,64.12712782,Tea,16.95,30.05
24.57238439,56.50279108,Tea,12.28,27.83
25.08757528,60.95161755,Tea,9.95,20.37
21.72328562,61.19266527,Tea,5.45,34.55
23.34518123,55.7987668,Tea,5.11,25.26
25.7651492,55.18131159,Tea,2.74,34
27.57410935,59.30493164,Tea,0,23
26.74935754,57.82609505,Tea,0.01,34.68
23.56110792,58.64932753,Tea,4.87,29.82
26.09137527,62.17607087,Tea,6.62,26.35
21.31615361,63.99928025,Tea,2.49,32.16
26.62272203,62.55859662,Tea,0,20.69
26.38807394,63.31950813,Tea,11.45,33.36
25.32490809,55.66081535,Tea,9.32,23.52
21.54495141,55.0685244,Tea,18.31,31.72
22.1183518,63.70365465,Tea,6.49,32.79
26.16211094,61.97787559,Tea,13.6,30.89
24.92053971,57.57147398,Tea,0,22.91
25.95045898,57.85413835,Tea,2.85,21.52
24.63301639,57.46002044,Tea,82.01,28.75
24.82876708,59.91018098,Tea,20.27,30.55
28.63272314,61.42790049,Tea,0,25.08
27.88531124,64.56730457,Tea,0.01,23.94
22.95649075,63.8120111,Tea,2.52,21.54
23.43413634,58.74017179,Tea,0.52,21.83
25.81561019,61.37751661,Tea,7.37,22.82
22.82587592,61.79043699,Tea,0.34,24.02
27.43109952,64.57668344,Tea,0,34.09
25.49583067,63.75560295,Tea,0.49,22.67
25.23330096,61.7974651,Tea,0,23.27
25.37964719,58.53509654,Tea,0,31.51
24.49615147,55.39114587,Tea,0.39,23.52
22.21957062,62.75839766,Tea,0.9,20.93
24.35912895,59.09236649,Tea,2.03,29.28
22.97874764,58.6037806,Tea,0.68,25.43
28.68448867,62.02982437,Tea,19.92,33.68
25.48662848,61.7437838,Tea,35.56,26.09
24.58711374,55.79821052,Tea,0.42,30.41
27.16597098,58.21527912,Tea,13.79,26.02
23.14542227,63.21390458,Tea,1.68,28.98
23.0978878,58.27703336,Tea,54.82,24.83
25.00948256,62.15526779,Tea,140.86,30.57
21.05138829,62.2083503,Tea,12.31,21.56
21.60764431,62.21291774,Tea,0.81,20.13
24.32719167,55.84027641,Tea,0,31.92
23.17241347,57.27057336,Tea,0,24.97
25.52732531,60.54989237,Tea,32.7,33.82
27.20376501,61.33330267,Tea,20.85,24.88
27.18322079,56.97878739,Tea,1.26,22.58
22.33596032,62.21735425,Tea,16.21,28.39
25.56004209,55.05834563,Tea,2.67,27.21
24.05775804,58.71079757,Tea,18.87,26.81
27.59571441,57.56746527,Tea,0,20.68
21.27072766,57.31785638,Tea,7.54,20.5
26.28182526,62.25823483,Tea,0,24.21
22.98078406,61.52453952,Tea,16.37,34.18
26.20075207,64.98556519,Tea,0,20.95
26.10860148,64.38723123,Tea,0.7,22.58
24.37323193,58.85450806,Tea,0,34.38
26.15437489,62.66283353,watermelon,0.73,9.68
19.67574835,67.69360107,watermelon,1.59,12.25
20.34845214,64.34472652,watermelon,6.26,11.3
25.09607348,62.23830934,watermelon,3.91,10.86
22.92266263,67.84332532,watermelon,0.92,9.3
24.3959055,63.83185113,watermelon,2.43,12.4
25.93720903,63.56774703,watermelon,0,6.61
20.5697998,64.78428956,watermelon,0.08,11.31
23.96937662,62.26436642,watermelon,0.05,8.5
21.34706312,63.89487236,watermelon,0.81,9.32
27.42972089,66.47006258,watermelon,26.29,8.13
22.03734174,64.08263425,watermelon,12.58,12.88
20.81250116,65.79399589,watermelon,8.31,6.29
26.83186681,68.51605395,watermelon,0.78,9.32
26.44169454,63.10498815,watermelon,18.11,8.28
26.70052973,67.623759,watermelon,1.62,12.3
19.60982963,62.88270523,watermelon,0,11.89
22.93678493,60.55485278,watermelon,1.07,6.04
19.12150055,69.58474057,watermelon,0.16,12.24
20.03494935,69.06630349,watermelon,0.54,6.24
22.41779693,69.99596284,watermelon,0.01,7.73
20.31463716,63.9151453,watermelon,5.8,7.51
20.61468676,62.77939913,watermelon,44.89,10.83
27.47410652,60.6974855,watermelon,0.09,8.82
23.73618639,61.86709975,watermelon,0.17,8.28
26.57256307,62.94940697,watermelon,1.41,10.62
26.16093857,60.93907749,watermelon,12.25,12.46
22.32931284,62.17190386,watermelon,3.41,11.77
25.3423141,64.22274857,watermelon,13.22,6.85
24.04818992,64.76873894,watermelon,60.19,9.1
23.47650867,65.25318703,watermelon,49.95,6.46
20.10413289,67.60538038,watermelon,3.58,6.48
19.91581377,62.88660527,watermelon,33.31,6.89
26.08898707,60.43573275,watermelon,16.55,10.85
26.82235877,60.85534358,watermelon,1.98,9.49
27.10907248,68.90867012,watermelon,150.37,9.86
22.95424509,63.14358464,watermelon,16.15,12.21
24.26370431,60.47129957,watermelon,16.99,11.1
27.27699171,62.79467945,watermelon,13.78,6.43
25.59971175,64.45915664,watermelon,0,6.91
23.61105214,64.32235441,watermelon,0.09,10.51
20.2099277,69.53087557,watermelon,10.18,12.83
25.07466021,62.84196081,watermelon,0.72,9.97
21.61918104,62.13696325,watermelon,4.08,8.47
24.35256303,65.54974151,watermelon,85.41,6.22
19.86857567,68.28551263,watermelon,5.73,12.67
19.27044483,60.56448408,watermelon,1.78,12.7
21.72674436,62.63835861,watermelon,0,10.64
26.72684013,64.28238665,watermelon,0.81,8.85
24.47621016,67.89520463,watermelon,0,10.26
26.27787527,67.94852819,watermelon,0.72,9.22
21.08964208,61.63583859,watermelon,2.31,11.56
19.5143574,67.60268516,watermelon,0.13,7.84
19.86666159,61.22538171,watermelon,0.08,10.48
27.95088498,64.31272354,watermelon,1.85,6.14
18.50460352,64.07275343,watermelon,0.42,6.65
19.97865669,63.45846229,watermelon,0,10.62
22.25129774,69.52939788,watermelon,0,6.45
21.27137258,68.54264069,watermelon,0.01,9.67
19.2984074,62.32418244,watermelon,8.91,7.29
21.97016263,61.20737764,watermelon,18.73,6.74
23.78862222,66.24238473,watermelon,6.31,8.33
19.3965425,69.62967802,watermelon,8.56,7.63
22.35181913,61.60299354,watermelon,40.42,9.09
18.62441175,63.51672784,watermelon,13.53,6.87
24.49161673,63.65691604,watermelon,2.64,12.74
21.45462901,67.76215689,watermelon,0.71,9.08
28.03050396,62.20160746,watermelon,0,12.5
22.00838314,60.85249178,watermelon,0,9.23
28.09793903,66.03331099,watermelon,1.9,6.69
28.0299785,66.99114915,watermelon,5.67,11.46
22.76516963,65.49400748,watermelon,0,12.78
26.89291515,61.41468436,watermelon,0,9.98
25.61553775,66.02397777,watermelon,8.25,12.27
26.26112046,69.33945431,watermelon,0,10.86
22.18647892,69.2608268,watermelon,0.18,11
25.18922274,60.33621233,watermelon,39.05,7.95
26.35854946,64.74659178,watermelon,2.45,8.07
27.33499322,60.51801065,watermelon,15.1,6.52
26.38604087,68.65933731,watermelon,1.72,6.65
26.84154094,61.58397585,watermelon,0,6.08
23.47280831,69.70181261,watermelon,0.07,8.71
25.57432016,64.14569916,watermelon,0,9.25
25.42216837,63.90345873,watermelon,0.81,10.24
19.59847456,60.1170724,watermelon,0,11.25
27.3728278,61.97172378,watermelon,49.58,8.66
26.52046804,64.43135936,watermelon,31.3,11.98
19.12352496,65.74066162,watermelon,20.18,10.89
27.6858522,63.91434086,watermelon,9.67,8.62
27.695021,60.21145003,watermelon,20.7,11.86
21.16153357,61.32671849,watermelon,27.15,10.04
24.31615802,63.73014158,watermelon,19.45,9.59
21.16970271,65.37831035,watermelon,0,6.76
24.58064291,63.67694188,watermelon,0.08,6.52
22.17702381,66.94962977,watermelon,0,12.89
20.57172169,63.31476069,watermelon,0.31,11.33
23.78218473,65.00371982,watermelon,0,9.04
28.22598038,69.43290964,watermelon,25.52,12.29
27.77164653,65.41394628,watermelon,0,9.09
25.14764913,63.36799341,watermelon,0,7.63
26.47330219,80.92254421,watermelon,5.41,12.77
25.18780042,83.44621709,watermelon,2.31,7.21
25.29954705,81.77527562,watermelon,4.86,9.83
24.74631269,88.30866319,watermelon,0,7.52
26.58740671,81.32563243,watermelon,11.14,6.25
24.53442564,88.989272,watermelon,6.48,12.07
26.0713757,88.7285657,watermelon,0,7.65
25.96534238,89.77076659,watermelon,0.91,10.24
26.22338015,85.34866045,watermelon,0,11.68
24.41311871,89.81574032,watermelon,1.67,9.29
26.49195283,80.04678201,watermelon,0,9.33
24.04355803,84.18406764,watermelon,0.08,6.26
25.5421695,83.31883376,watermelon,0,10.51
26.74550678,83.9195902,watermelon,0,9.63
25.7131428,80.22972777,watermelon,0,10.84
25.76484262,84.1726996,watermelon,0,11.09
26.79489868,89.64815231,watermelon,1.9,6.06
24.9004602,89.73524177,watermelon,1.89,8.72
26.80750629,88.22874955,watermelon,14.59,11.68
25.11189154,80.02621335,watermelon,0,11.37
26.2148837,87.6883982,watermelon,0,6.16
24.9103226,86.97190046,watermelon,0,11.9
25.79448878,84.26830701,watermelon,43.68,6.58
25.26931156,87.55055105,watermelon,0,12.97
25.76402693,87.5931128,watermelon,5.76,10.04
25.85483596,89.13163965,watermelon,6.45,8.15
24.33528185,81.44030363,watermelon,0.57,6.28
25.37601283,80.99313508,watermelon,0,12.67
24.86094646,85.05318563,watermelon,1.47,12.24
24.71885473,88.94568335,watermelon,4.09,7.11
24.21495706,84.20576992,watermelon,0,10.7
25.81692236,82.043255,watermelon,1.45,8.59
24.47018505,84.16390229,watermelon,20.2,6.11
24.13078816,84.84494575,watermelon,12.91,7.37
26.1793464,86.52258079,watermelon,0,9.5
26.17668721,86.7295205,watermelon,0.05,6.78
26.03867719,84.6378378,watermelon,0.24,6.78
26.53259325,82.39053979,watermelon,1.25,9.7
26.81938687,87.8274604,watermelon,0.09,8.88
25.50405534,81.40297428,watermelon,39.52,7.18
26.20234499,80.38266489,watermelon,2.9,11.37
25.13735887,89.28272716,watermelon,0.1,6.41
25.92030221,83.47202566,watermelon,6.52,9.12
26.6634609,89.98405233,watermelon,22.37,8.61
24.06731461,81.64075303,watermelon,0.17,10.64
24.6774157,82.75411437,watermelon,6.09,8.3
26.11440416,87.64081095,watermelon,0.65,7.48
26.81530456,87.65694462,watermelon,12.32,8.29
25.15623099,80.27525115,watermelon,0.63,7.41
25.2801372,83.15393658,watermelon,6.5,7.92
26.22005978,80.90127035,watermelon,8.48,10.48
24.92093261,80.61750795,watermelon,12.41,11.27
26.21667586,81.01009354,watermelon,3.18,8.07
26.81383586,87.21986949,watermelon,13.03,11.42
24.31334971,87.47409052,watermelon,5.8,7.54
24.29105004,88.04541346,watermelon,2.02,9.36
24.42998931,86.33904774,watermelon,0.16,9.14
25.66576039,88.6984228,watermelon,0.88,10.93
25.07803672,83.46230461,watermelon,5.68,6.52
24.88910524,85.87059083,watermelon,3.61,8.14
25.42900869,82.91481799,watermelon,19.47,9.7
24.37118217,87.1269128,watermelon,15.71,12.77
26.4930645,88.59143088,watermelon,10.34,12.03
25.83202912,89.00481725,watermelon,0.04,6.53
24.41592661,89.39655519,watermelon,20.29,9.22
24.37190239,81.2514818,watermelon,4.86,7.43
24.24782473,83.03687902,watermelon,26.81,9.93
24.64458469,85.49938185,watermelon,0,7.75
24.89681131,86.10782926,watermelon,2.1,8.61
25.41864024,81.12122989,watermelon,0,11.05
26.26028739,86.14585891,watermelon,15.13,7.01
24.90123934,87.20772913,watermelon,1.39,7.8
24.84740848,89.20454622,watermelon,0.01,6.66
26.98212846,86.70068316,watermelon,0,10.62
26.90435747,86.25426228,watermelon,7.72,8.63
25.86475496,86.67468041,watermelon,5.48,10.29
26.70607759,81.14149505,watermelon,9.01,9.6
26.44019475,80.91934337,watermelon,12.51,7.89
26.283443,84.42478917,watermelon,8.96,11.71
26.84366082,83.85039964,watermelon,19.23,11.67
26.03967219,83.9862443,watermelon,4.05,6.43
24.92994759,85.00802358,watermelon,0.81,12.86
25.50736962,84.24340241,watermelon,35.45,11.4
25.4438391,87.9392312,watermelon,8.44,11.67
26.12588914,86.5507939,watermelon,0,6.63
25.10474753,87.5267616,watermelon,0,9.41
26.27520631,86.63249555,watermelon,3.96,7.27
26.27061608,83.09194521,watermelon,24.17,6.74
26.73690828,87.82430156,watermelon,25.68,10.11
25.04746944,85.5667282,watermelon,0.17,10.74
24.69368934,85.56967628,watermelon,34.16,9.89
24.54356968,84.60808277,watermelon,9.36,10.69
25.89762315,81.96664832,watermelon,7.1,10.93
26.6333118,84.31756844,watermelon,0.28,7.12
25.35794749,80.45846265,watermelon,0,8.45
25.28784623,89.63667876,watermelon,39.92,12.54
26.63838589,84.69546874,watermelon,5.24,9.66
25.3310446,84.30533791,watermelon,0,8.62
26.89750174,83.89241484,watermelon,0.09,11.84
26.98603693,89.4138489,watermelon,0,11.54
31.48468379,50.66105961,wheat,0.02,38.31
23.22281906,59.31511313,wheat,0,44.18
22.72115394,59.08183914,wheat,5.87,38.43
29.1445857,52.03325153,wheat,8.7,41.03
22.45072926,59.95707274,wheat,6.93,41.75
33.86234244,51.18584832,wheat,13.17,38.32
26.64588548,57.80160525,wheat,0,36.93
29.36844736,54.46588987,wheat,5.67,37.71
32.88585306,53.10941724,wheat,0.23,37.96
26.16451456,58.42549605,wheat,4.32,40.33
32.7874383,52.10621259,wheat,23.06,40.08
30.85433994,54.23237016,wheat,60.73,38.55
32.81296537,59.77332042,wheat,45.93,43.2
21.63742097,52.15672023,wheat,0.09,35.06
21.56081364,58.24317828,wheat,0.55,44.86
24.91898014,56.57494308,wheat,13.5,41.49
23.3675234,51.44040522,wheat,0.57,38.69
32.61168513,53.43450388,wheat,0,39.54
32.98761855,56.91380716,wheat,8.73,42.14
21.1671627,50.76765874,wheat,9.74,42.73
32.29245075,57.77217857,wheat,3.78,35.67
31.85745209,58.78096546,wheat,0.01,35.98
20.46228174,52.60336141,wheat,0,44.21
30.20210041,50.1380326,wheat,2.43,36.56
32.83804521,57.00195681,wheat,0,35.05
28.64841334,56.59916797,wheat,0,44.47
33.20749638,52.51777152,wheat,0.08,38.78
30.8789865,58.21944052,wheat,13.1,40.67
23.26796952,55.62757951,wheat,0,42.74
26.92593036,54.04316819,wheat,0,35.28
33.95209584,59.4699163,wheat,25.24,39.52
20.09136946,53.97223311,wheat,0.53,44.01
26.08577313,56.06768745,wheat,11.94,39.05
22.09104373,56.25209511,wheat,10.72,36.02
33.95105177,54.15593399,wheat,6.16,37.74
28.53146346,51.51158498,wheat,26.71,37.25
28.00510977,55.17019342,wheat,0.99,37.16
27.04402781,59.13144774,wheat,0,43.28
33.13479807,50.01891663,wheat,0,39.74
31.61960395,51.08614902,wheat,0,44.16
27.50568957,54.01820397,wheat,2.1,44.02
24.33278733,56.12417545,wheat,19.25,44.24
28.72164631,59.37579557,wheat,0.94,42.41
25.28101255,51.19969856,wheat,21.18,44.94
30.83055881,56.65623952,wheat,0,39.98
24.78475421,54.86675337,wheat,0,39.15
21.2500493,50.54668411,wheat,0,37.04
22.71147615,51.51443588,wheat,0,37.7
28.98830116,57.96458855,wheat,0,36.04
26.66935651,54.10971217,wheat,0.04,44.19
26.44910438,51.15043087,wheat,20.49,44.16
25.15272442,51.54767082,wheat,0.5,41.11
22.15367553,58.34318338,wheat,0.02,38.88
22.16269576,58.90741579,wheat,0.18,40.26
25.99183159,52.61899038,wheat,0.04,41.06
27.65509604,53.92601391,wheat,0.41,41.16
28.59943017,57.85268636,wheat,0,43.95
21.80851548,50.5096322,wheat,0,35.18
24.586226,50.25912969,wheat,0,35.17
28.75736442,58.85227538,wheat,0,36.47
25.53649642,53.97363189,wheat,6.48,39.63
28.86914133,50.50983056,wheat,0.01,40.39
23.20653917,57.75517139,wheat,0.1,40.83
30.03447137,57.16714071,wheat,0.71,36.69
22.69094467,53.86422324,wheat,2.56,36.05
21.8236595,59.64581441,wheat,5.67,38.66
21.73121202,55.21660738,wheat,0.04,42.33
31.76167796,57.72743864,wheat,0,39.83
31.32720734,54.17967763,wheat,10.62,44.45
32.25321056,53.68391381,wheat,0,38.19
20.40661421,55.50882624,wheat,0,41.41
28.9138963,54.10859843,wheat,0,44.01
21.3272581,50.74277753,wheat,62.34,36.09
23.41584543,59.98962806,wheat,25.16,44.06
33.8708865,56.78024695,wheat,0,36.47
23.92271434,52.27758641,wheat,0.24,44.79
23.57774533,55.62655185,wheat,38.21,36.38
23.9388272,54.87291737,wheat,6.94,38.02
22.71215545,54.72066163,wheat,8.97,38.76
27.62626513,52.23017432,wheat,3.03,42.29
30.88267511,52.69713089,wheat,1.67,38.06
21.61239794,57.22063124,wheat,12,43.39
33.70567542,56.05223695,wheat,20.42,44.34
29.89576763,58.17888122,wheat,0.01,42.7
28.39103747,56.64521207,wheat,28.03,43.49
28.69331555,59.97943297,wheat,0.64,38.22
24.26818049,52.09864128,wheat,16.9,43.54
25.41082075,57.40584681,wheat,2.48,43.5
29.83448534,52.92281,wheat,0,41.29
21.43816465,58.82464004,wheat,21.8,38.21
30.34034318,51.68419575,wheat,54.3,41.92
22.40555923,57.23637673,wheat,9.74,41.42
22.66469526,51.51783824,wheat,0.18,42.25
27.74080015,56.38574223,wheat,64.61,38.98
30.85454844,57.48603099,wheat,54.65,42.85
27.94020348,58.04350805,wheat,0.3,43.92
25.58747374,53.56736054,wheat,2.94,43.43
21.96790926,55.48066752,wheat,0.59,41.1
28.13171727,51.23308614,wheat,0.42,35.8
32.83179905,57.8682587,wheat,0,37.44
17.02498456,16.98861173,wheat,2.59,36.93
19.02061277,17.13159126,wheat,0.65,38.6
17.88776475,15.40589717,wheat,20.81,41.22
18.86805647,15.65809214,wheat,27.29,44.71
18.36952567,19.56381041,wheat,3.39,41.94
20.45078582,15.40312102,wheat,53.56,42.96
20.6543203,16.60820843,wheat,55.49,43.72
17.3348681,18.74926979,wheat,56.8,40.56
18.17912258,18.90426935,wheat,2.46,39.42
18.01272266,18.30968112,wheat,13.04,44.61
20.99373558,19.33470387,wheat,20.37,37.31
19.46233971,15.22538951,wheat,0,41.97
19.81344531,14.69765308,wheat,9.71,37.4
18.97424756,19.5161216,wheat,0.38,38.84
18.19737048,14.71070537,wheat,7.38,41.39
18.72963144,19.18197264,wheat,13.9,38.43
20.99502153,19.8601304,wheat,0,37.44
20.28155898,16.39535215,wheat,11.37,39.91
17.48042641,15.7559405,wheat,0.88,42.1
20.88818675,14.32313811,wheat,6.48,38.46
17.08498521,16.14565756,wheat,0.6,38.82
20.09340593,15.11279612,wheat,24.31,43.57
17.57212145,14.99927489,wheat,2.48,41.42
19.12065218,18.43475844,wheat,0.25,41.18
18.57665902,19.22008229,wheat,24.61,44.82
17.16606398,14.42457525,wheat,0.24,43.84
18.2872007,16.67921616,wheat,9.6,41.8
19.03025305,18.66725565,wheat,14.66,38.97
17.1418614,17.0662427,wheat,10.07,41.45
17.47809436,17.93253975,wheat,0,44.58
20.56601874,14.25803981,wheat,18.05,38.67
17.22385224,15.82069268,wheat,0.11,42.14
19.69141713,19.44225438,wheat,0.57,38.16
17.84851658,19.09172907,wheat,18.78,38.04
18.8202251,16.1074793,wheat,5.22,38.86
17.47500984,16.54314829,wheat,0,36.87
18.72649425,17.58406365,wheat,5.65,44.32
18.65580107,16.17772668,wheat,0.26,44.6
18.2356751,19.68538502,wheat,0.14,40.17
18.81198127,15.21618225,wheat,0,39.5
18.65054116,17.80852431,wheat,0.08,35.86
20.36720401,16.89574311,wheat,4.08,43.95
18.38120357,16.63805158,wheat,9.07,36.72
17.17012591,17.30457712,wheat,1.55,40.82
19.37101121,15.77458129,wheat,0,42.8
17.92845928,14.27327988,wheat,3.91,44.18
19.45339934,18.23490739,wheat,7.09,36.67
19.12829388,14.92241479,wheat,3.59,35.44
19.1034283,17.26184541,wheat,0.25,36.14
17.48504075,16.96070581,wheat,0,36.78
19.40751744,18.98030507,wheat,9.72,38.71
20.18649426,19.63719995,wheat,0.02,41.35
17.30287885,15.15405941,wheat,0,42.74
17.50361137,15.48083156,wheat,0,36.23
18.17234999,14.70085967,wheat,0,44.58
17.57445618,16.71826572,wheat,0,36.56
20.93175255,18.91295403,wheat,0,43.53
19.71098332,17.63879418,wheat,5.59,42.38
19.07937684,17.86754927,wheat,0,40.25
18.54988627,16.02542689,wheat,0,43.28
18.19903647,17.41333199,wheat,0,37.62
18.88852533,14.99451145,wheat,0,39.32
18.49311205,14.72115044,wheat,0,35.29
19.48974337,17.17260319,wheat,2.28,38.36
17.25769499,18.74943955,wheat,4.09,36.55
19.62416326,18.71483156,wheat,10.37,35.75
20.67526473,19.85388984,wheat,0.17,40.74
20.02381489,16.63294455,wheat,0.16,41.24
20.1187446,14.44228303,wheat,0.36,40.06
20.65691793,15.84572566,wheat,0,38.94
19.2582557,14.2804191,wheat,0,39.26
17.927806,15.85622899,wheat,0,36.89
19.16288268,15.83500655,wheat,0.57,35.51
20.26942271,19.96978871,wheat,12.33,35.78
17.09104223,18.25142068,wheat,4.58,40.12
17.06579293,17.54024066,wheat,12.26,41.44
20.62767492,14.44008871,wheat,11.75,40.05
20.8248451,17.85057083,wheat,0.14,41.55
19.46210401,18.72831993,wheat,0.27,44.58
17.18248372,16.42891834,wheat,0,36.12
17.48911699,16.39055394,wheat,0.01,43.36
17.48395377,14.76014523,wheat,0,42.67
19.48316794,17.44534641,wheat,4.88,44.27
19.71359733,18.09665739,wheat,2.55,40.47
19.48649305,16.06240074,wheat,11.86,43.46
19.95264829,14.82633099,wheat,0.77,40.75
19.41789736,16.80472243,wheat,0,37.63
19.45591848,18.02235902,wheat,0,37.18
20.19137759,16.41998269,wheat,19.92,40.41
18.8392908,14.74071856,wheat,0,40.34
20.71219282,19.83643308,wheat,0.26,39.84
18.99424448,15.9362937,wheat,12.99,41.82
19.96837462,15.57324389,wheat,0,38.89
17.81564548,17.60756635,wheat,0.66,40.83
20.71424384,15.27824066,wheat,0,35.81
17.34150229,18.75626255,wheat,35,41.87
17.43732714,14.33847406,wheat,0,43.44
18.89780215,19.76182946,wheat,0,43.1
18.59190771,14.77959596,wheat,0,38.91
18.31561493,15.36143547,wheat,4.88,44.48
